item_id,order_id,product_id,quantity,unit_price,discount
1,62,74,5,153.75,
2,989,51,10,386.25,0.17
3,353,9999,7,87.8,
4,867,35,2,48.79,0.08
5,805,36,6,470.71,0.1
6,690,174,9,319.93,0.16
7,505,153,10,53.55,0.12
8,655,80,2,330.72,0.11
9,226,87,3,361.48,0.08
10,472,48,1,185.51,0.07
11,973,9,4,43.39,0.11
12,685,104,5,188.05,0.22
13,939,173,6,399.05,0.21
14,738,69,6,473.76,0.07
15,380,70,10,389.58,0.24
16,442,72,3,174.91,0.16
17,931,9999,10,458.95,0.03
18,350,103,6,394.33,0.11
19,310,47,4,11.71,0.08
20,246,184,2,136.52,0.28
21,293,171,9,293.84,0.27
22,964,30,6,443.63,0.24
23,464,57,8,116.87,0.2
24,19,166,2,250.36,0.11
25,172,31,9,226.08,0.17
26,326,93,5,370.87,
27,911,118,8,29.06,0.19
28,168,174,9,208.41,0.22
29,152,114,3,290.77,0.1
30,193,1,1,324.62,
31,782,92,8,466.55,
32,950,84,1,23.0,0.15
33,699,33,3,163.3,0.28
34,123,155,10,347.69,
35,941,102,2,249.72,
36,36,51,6,178.78,
37,795,185,3,289.93,0.15
38,253,185,10,179.36,0.2
39,219,38,8,117.29,0.27
40,618,1,8,347.14,0.23
41,228,58,7,216.28,0.29
42,481,13,8,27.55,
43,622,31,3,415.73,
44,40,126,7,54.39,0.29
45,567,143,3,354.51,0.15
46,813,112,5,269.4,0.12
47,206,193,3,108.86,0.07
48,708,37,9,13.36,
49,623,40,10,81.37,0.3
50,647,46,6,205.49,0.25
51,633,87,1,450.61,0.27
52,810,63,2,268.13,0.21
53,504,61,-3,118.41,0.09
54,125,83,2,113.78,0.12
55,59,74,4,287.6,0.2
56,396,188,8,27.29,0.17
57,819,161,6,47.81,0.08
58,80,173,7,139.45,0.2
59,591,152,10,163.92,0.11
60,190,1,1,130.54,0.05
61,16,167,3,365.84,
62,315,52,7,453.44,0.14
63,581,104,9,239.91,
64,437,124,10,492.62,
65,449,173,8,479.78,0.29
66,548,167,6,122.43,0.06
67,647,179,4,62.07,
68,789,80,9,337.7,0.19
69,187,38,2,295.12,0.01
70,358,97,5,283.7,0.28
71,492,9999,3,213.33,0.12
72,317,196,7,152.38,0.14
73,317,23,4,195.9,0.21
74,35,85,7,125.91,0.07
75,204,190,5,284.7,0.29
76,452,163,6,72.99,0.07
77,211,95,1,93.73,0.05
78,165,173,5,121.21,
79,322,135,9,421.05,0.18
80,358,106,4,152.78,0.08
81,923,75,5,355.97,0.24
82,313,102,10,296.6,0.07
83,723,67,8,146.12,0.08
84,420,135,9,89.81,0.18
85,513,155,4,494.22,0.16
86,790,150,5,54.38,
87,9,195,3,35.3,
88,882,12,5,450.12,0.06
89,646,106,8,401.17,
90,797,63,-3,142.68,0.09
91,952,186,10,32.03,
92,919,92,2,106.0,0.1
93,403,136,7,99.21,0.19
94,860,1,7,485.57,
95,588,18,6,278.51,
96,713,100,2,115.3,0.11
97,907,47,7,83.0,0.04
98,879,80,3,136.24,0.03
99,309,116,7,254.7,0.24
100,406,139,1,278.32,0.28
101,322,37,5,193.81,0.02
102,908,23,8,221.89,0.14
103,193,78,6,33.93,0.24
104,855,13,9,306.7,0.12
105,186,87,3,103.49,
106,157,60,-5,71.55,0.3
107,221,3,4,102.65,0.13
108,752,172,8,185.77,0.13
109,438,123,6,376.7,0.27
110,59,165,1,43.73,0.27
111,753,198,8,89.46,
112,278,34,9,151.52,
113,819,190,1,49.98,0.29
114,678,75,6,33.95,0.22
115,939,170,8,366.18,0.25
116,488,177,5,209.89,0.25
117,959,68,6,321.71,0.26
118,452,174,3,173.04,0.02
119,160,11,10,392.06,0.12
120,547,66,3,473.84,0.19
121,463,20,2,69.35,
122,49,118,1,121.67,0.21
123,426,191,2,229.94,
124,845,178,4,301.14,0.18
125,635,178,10,162.58,0.23
126,506,45,8,472.95,0.07
127,571,42,5,79.08,
128,181,83,5,297.6,0.25
129,197,190,9,409.14,0.09
130,310,5,9,252.05,0.28
131,13,6,1,430.79,0.11
132,520,19,6,98.79,0.15
133,639,47,4,84.18,0.22
134,425,48,8,239.71,0.05
135,368,5,7,177.9,
136,829,8,10,363.94,
137,607,19,7,113.09,
138,326,171,7,120.13,0.2
139,832,105,10,362.75,0.29
140,44,20,5,313.63,
141,685,25,2,115.4,0.26
142,45,137,4,353.66,
143,839,46,2,475.13,
144,79,76,2,357.06,0.26
145,557,128,5,447.35,
146,597,84,9,33.95,0.09
147,137,173,-2,92.94,0.27
148,510,135,6,262.79,0.29
149,654,103,2,299.92,0.07
150,675,157,7,405.29,
151,198,79,1,145.74,0.16
152,815,73,9,458.93,0.26
153,887,121,8,80.95,0.18
154,609,72,9,52.78,
155,716,189,1,113.57,0.12
156,756,44,1,7.66,0.22
157,553,140,2,6.91,0.1
158,184,136,9,356.34,0.17
159,166,158,10,384.82,
160,462,179,8,379.36,0.26
161,182,53,9,306.66,0.24
162,983,124,2,255.3,0.26
163,987,193,7,92.63,0.07
164,566,199,2,98.99,0.24
165,206,184,2,338.15,0.22
166,230,48,10,365.52,
167,489,196,1,206.0,0.15
168,98,109,6,413.63,
169,651,138,5,127.44,
170,131,114,2,233.02,0.03
171,608,137,9,347.93,0.15
172,753,184,3,352.24,0.21
173,842,99,10,435.59,0.03
174,332,79,10,284.92,0.1
175,229,172,1,383.18,0.27
176,594,6,8,75.65,0.13
177,312,113,7,244.79,0.17
178,610,176,5,281.78,0.26
179,292,20,4,402.35,0.25
180,116,63,8,261.9,0.06
181,751,137,7,150.02,0.01
182,297,155,9,404.07,0.1
183,176,9,3,480.78,
184,410,155,1,420.73,
185,548,92,4,5.27,0.17
186,195,11,5,335.04,0.07
187,610,68,2,278.9,0.26
188,15,115,1,28.39,0.2
189,738,174,10,444.86,0.11
190,209,92,2,281.19,0.06
191,449,171,5,218.84,0.15
192,492,5,9,238.69,0.19
193,36,162,7,189.32,0.01
194,278,78,5,70.11,0.01
195,496,88,9,451.68,0.27
196,169,10,3,62.83,0.18
197,447,36,7,385.22,
198,876,156,-4,111.65,0.2
199,451,67,8,450.88,0.09
200,805,153,7,166.5,
201,844,137,1,247.1,
202,141,187,2,87.28,0.27
203,58,9999,3,330.91,0.28
204,70,200,3,318.49,0.05
205,791,165,4,310.66,0.21
206,329,44,5,89.3,0.04
207,880,104,9,167.21,0.03
208,69,14,1,184.82,0.08
209,466,121,6,321.12,0.04
210,449,188,5,60.51,0.14
211,365,180,10,232.43,0.25
212,618,86,9,269.49,0.04
213,223,18,4,413.62,0.18
214,187,10,9,269.8,
215,936,91,8,273.94,
216,293,112,2,160.16,
217,709,84,4,463.66,0.14
218,826,13,10,432.42,0.21
219,193,98,8,224.13,0.05
220,829,17,4,108.9,0.18
221,590,97,7,134.69,0.02
222,602,8,2,28.87,0.1
223,234,137,6,86.04,0.16
224,420,75,3,327.02,0.22
225,527,77,10,363.48,0.13
226,575,95,8,167.65,0.1
227,533,133,10,30.41,
228,452,119,10,331.86,0.19
229,76,77,4,321.45,0.14
230,84,85,9,153.13,0.28
231,831,69,4,215.6,0.05
232,401,27,4,320.91,0.15
233,771,138,2,291.17,0.3
234,855,71,6,290.34,0.01
235,815,185,3,417.53,0.17
236,380,144,7,294.67,0.24
237,92,169,9,271.54,
238,740,192,-3,101.6,0.01
239,763,148,10,44.51,0.26
240,129,122,6,178.03,0.13
241,588,136,9,399.81,0.22
242,44,16,5,110.03,0.12
243,928,179,9,250.61,0.12
244,937,56,9,361.71,0.07
245,362,159,1,315.18,0.29
246,770,111,5,227.93,0.2
247,882,97,8,286.21,0.24
248,119,75,10,26.08,
249,521,121,8,18.95,
250,609,197,7,7.32,0.09
251,534,66,7,42.89,0.19
252,714,83,4,170.71,0.19
253,307,68,6,481.85,
254,686,1,4,9.09,
255,430,35,9,436.82,0.08
256,278,136,4,298.03,0.28
257,590,12,7,133.76,0.28
258,881,178,10,90.98,0.23
259,285,131,5,436.23,0.11
260,877,197,8,72.21,0.14
261,910,165,9,480.13,0.24
262,776,70,1,105.53,0.18
263,779,17,4,276.45,0.22
264,985,188,7,145.56,0.0
265,258,184,-5,313.23,
266,975,132,7,484.82,
267,131,90,3,485.09,0.02
268,868,60,10,22.25,0.14
269,138,9999,2,14.74,0.15
270,606,70,4,83.98,0.23
271,861,20,8,358.72,0.29
272,946,193,8,18.94,0.17
273,155,66,10,206.4,
274,383,127,3,96.83,
275,853,166,3,212.51,
276,849,10,7,265.29,
277,391,122,-1,202.68,0.05
278,957,200,10,170.93,0.12
279,822,35,6,102.31,0.18
280,11,122,1,34.67,0.04
281,979,4,8,112.01,0.06
282,798,116,2,59.03,0.11
283,43,121,7,250.33,
284,26,65,5,373.02,0.3
285,114,141,2,239.61,
286,263,105,3,413.4,0.09
287,806,34,3,50.96,0.04
288,186,151,2,75.25,0.28
289,748,70,8,399.93,0.05
290,632,173,6,161.32,0.04
291,419,120,5,361.5,
292,694,89,6,294.25,0.11
293,135,148,6,477.77,0.28
294,94,111,7,496.72,0.22
295,822,106,9,216.84,0.29
296,691,55,1,454.39,0.08
297,468,131,8,411.33,0.03
298,579,9,10,423.95,
299,448,13,9,466.98,0.28
300,207,187,4,393.78,0.08
301,276,70,1,254.56,
302,588,106,7,97.81,0.0
303,68,52,8,344.73,0.26
304,368,1,4,5.98,
305,562,64,7,229.45,0.18
306,4,147,10,499.64,
307,122,1,2,195.32,0.19
308,841,176,8,372.37,0.16
309,792,118,10,27.14,
310,815,77,2,471.69,0.16
311,492,100,1,16.41,0.25
312,604,176,7,63.78,
313,856,115,2,264.08,
314,95,143,5,168.21,
315,588,80,1,98.61,0.25
316,13,53,4,142.48,0.13
317,385,156,5,293.09,0.26
318,443,184,1,277.52,0.19
319,17,181,2,345.92,
320,142,132,5,484.23,
321,913,9,9,444.19,0.21
322,927,59,6,320.4,
323,320,57,8,13.61,0.05
324,97,144,9,352.1,
325,119,18,6,176.25,
326,682,102,1,35.11,0.07
327,271,7,3,282.97,0.14
328,31,191,4,491.89,
329,753,161,6,49.34,
330,927,137,1,251.39,0.23
331,230,198,5,159.47,0.29
332,313,37,7,493.85,0.09
333,846,28,6,122.12,0.22
334,818,53,5,248.45,
335,241,108,7,269.71,
336,326,192,8,335.75,
337,464,131,7,353.28,0.11
338,716,40,5,491.86,0.19
339,453,105,8,257.77,0.24
340,301,21,10,34.74,0.0
341,423,28,5,252.8,0.09
342,150,81,4,157.26,0.13
343,757,141,2,79.65,0.19
344,864,189,3,181.67,0.05
345,410,71,2,384.38,
346,728,199,9,44.75,
347,256,9999,4,156.83,0.18
348,295,129,2,266.48,0.24
349,550,104,1,176.92,
350,104,47,6,158.95,0.08
351,822,64,2,355.58,
352,626,136,4,250.85,
353,748,130,1,105.3,
354,716,153,10,313.33,0.01
355,92,9,4,152.42,0.24
356,247,177,2,296.9,0.2
357,425,192,7,442.63,
358,963,184,1,362.27,0.17
359,292,163,9,167.69,0.0
360,124,113,6,267.4,0.01
361,945,136,8,263.68,
362,141,154,4,236.63,0.03
363,29,132,10,237.64,0.04
364,208,195,7,129.4,0.04
365,203,59,7,282.03,
366,925,9999,9,12.39,0.16
367,804,129,3,327.41,0.09
368,818,55,3,85.32,0.12
369,39,99,7,277.99,0.08
370,683,100,6,37.82,0.04
371,592,94,3,49.27,
372,119,77,7,40.99,0.0
373,203,167,5,446.93,
374,869,192,10,271.41,0.04
375,555,129,1,10.06,0.22
376,616,20,6,429.79,
377,104,19,6,383.01,0.3
378,716,183,4,335.53,0.26
379,239,24,6,13.45,
380,780,128,3,247.84,0.18
381,435,32,4,278.15,0.23
382,885,140,8,454.27,0.03
383,240,196,9,53.74,0.05
384,875,12,10,233.62,0.12
385,158,75,6,386.99,0.14
386,145,17,1,233.04,
387,513,93,5,378.58,0.3
388,771,171,4,53.36,0.29
389,543,48,5,411.56,0.15
390,333,172,1,85.19,
391,266,101,7,490.73,0.06
392,529,12,7,129.08,
393,669,175,8,473.07,0.21
394,966,187,7,240.56,0.11
395,129,136,9,418.77,0.12
396,688,68,9,496.86,0.07
397,59,200,4,133.56,0.01
398,538,155,8,104.01,0.03
399,927,116,5,389.37,0.2
400,756,116,8,252.59,0.15
401,348,41,2,295.41,0.07
402,801,38,8,108.98,0.25
403,467,47,3,91.84,0.14
404,109,119,8,215.83,
405,504,43,5,83.02,0.11
406,296,142,9,120.18,0.28
407,856,149,-1,428.96,
408,31,192,10,398.38,
409,912,174,8,415.27,
410,560,19,1,461.19,0.02
411,947,200,6,344.2,0.09
412,204,106,3,130.63,0.17
413,874,113,5,392.35,0.07
414,569,9999,10,21.09,0.28
415,267,90,10,409.72,0.03
416,619,155,8,351.85,0.15
417,554,41,2,412.01,0.2
418,306,145,1,67.09,0.13
419,405,44,3,278.72,0.29
420,603,160,10,189.95,0.0
421,880,78,7,375.35,0.23
422,867,44,1,334.23,0.17
423,863,153,3,386.97,0.23
424,968,61,5,133.23,0.01
425,231,41,4,127.4,
426,981,92,3,405.75,0.24
427,353,16,4,494.71,0.24
428,700,58,10,254.63,0.17
429,712,160,4,100.41,
430,871,42,3,8.59,0.1
431,765,166,3,416.67,0.23
432,93,149,6,376.92,0.27
433,627,35,2,75.61,0.12
434,78,80,5,84.23,0.12
435,610,69,10,105.56,0.19
436,816,34,8,42.63,0.14
437,238,33,5,239.36,
438,874,103,2,449.16,
439,27,109,4,18.09,0.05
440,760,69,3,138.89,
441,723,91,6,180.54,0.08
442,738,26,2,153.26,0.01
443,872,152,3,134.16,0.04
444,710,34,2,253.35,0.25
445,644,83,9,396.65,0.22
446,8,139,1,218.55,0.25
447,204,61,10,296.84,0.11
448,367,15,8,359.62,0.29
449,282,134,9,393.88,0.16
450,197,139,6,351.24,0.14
451,415,5,5,201.96,
452,599,93,4,431.82,0.1
453,383,150,9,83.72,
454,359,9999,3,179.57,0.28
455,416,77,9,208.54,0.08
456,185,24,3,397.49,0.08
457,295,45,1,304.71,0.12
458,852,11,7,5.12,0.27
459,848,149,4,96.63,0.09
460,41,60,1,369.98,
461,225,196,10,92.93,
462,857,23,4,194.25,
463,48,6,3,233.39,0.1
464,288,176,1,239.63,0.04
465,289,135,6,10.11,0.07
466,178,109,7,331.22,0.2
467,211,51,2,11.15,0.19
468,290,112,4,359.13,0.08
469,837,192,3,234.64,0.12
470,371,108,1,213.88,0.24
471,619,160,5,440.6,0.14
472,879,131,1,499.01,0.15
473,631,45,3,25.38,
474,574,79,5,43.5,0.07
475,354,86,9,412.84,0.13
476,780,43,5,387.49,0.07
477,863,108,1,144.03,0.06
478,445,69,1,489.73,
479,348,87,6,243.45,0.05
480,401,61,10,303.69,0.01
481,800,137,7,29.71,0.19
482,421,76,9,478.31,0.08
483,469,187,9,377.46,0.29
484,360,66,8,70.03,0.23
485,414,18,5,441.72,
486,382,192,1,469.5,
487,487,43,2,10.49,0.1
488,715,144,5,488.27,0.23
489,439,10,4,224.88,0.18
490,252,102,8,334.61,
491,415,31,3,95.6,
492,421,122,5,389.17,0.23
493,463,130,4,253.68,0.18
494,847,121,10,210.28,0.24
495,714,159,9,379.19,0.01
496,865,164,1,422.7,0.17
497,143,178,5,325.72,0.23
498,784,103,8,19.72,0.06
499,63,103,10,465.81,0.26
500,486,149,9,420.46,
501,581,41,9,81.19,0.29
502,788,60,8,370.08,0.16
503,843,157,7,295.72,
504,212,152,4,486.38,
505,790,84,10,347.7,
506,368,157,8,18.26,0.05
507,632,138,1,187.09,0.16
508,982,60,9,372.54,0.24
509,832,38,2,235.62,0.12
510,515,2,7,477.15,0.07
511,117,166,1,55.96,0.08
512,791,186,9,51.11,
513,963,12,1,468.77,0.12
514,306,13,9,316.41,
515,656,17,7,79.36,
516,969,45,5,417.3,0.1
517,970,5,9,256.28,0.1
518,579,166,5,48.96,0.0
519,960,29,7,430.0,
520,484,34,-5,267.54,0.07
521,123,163,3,497.16,0.2
522,904,69,10,193.84,0.19
523,343,175,8,450.5,
524,12,76,3,152.64,0.11
525,418,150,3,478.63,0.07
526,188,69,7,412.34,0.02
527,625,195,3,459.55,0.11
528,137,177,6,180.66,0.13
529,514,180,8,395.94,0.08
530,17,103,5,421.0,0.16
531,122,184,8,128.14,0.28
532,410,51,4,216.8,0.24
533,619,136,10,41.48,0.09
534,837,171,3,375.5,0.06
535,538,43,10,311.84,
536,427,117,10,293.79,
537,914,157,10,330.37,
538,937,188,4,163.71,0.14
539,410,119,8,307.4,0.23
540,13,64,3,29.18,0.24
541,917,64,4,303.55,0.29
542,614,33,1,7.19,
543,305,169,7,77.66,0.22
544,69,79,4,427.19,0.22
545,578,77,4,260.71,0.1
546,923,140,1,297.76,0.19
547,853,77,3,151.94,
548,636,167,9,95.41,0.07
549,584,110,2,313.08,0.27
550,411,146,9,461.0,0.01
551,878,137,1,47.16,0.07
552,958,9999,7,54.75,0.17
553,492,196,5,425.54,
554,254,79,2,356.86,0.29
555,673,170,7,52.98,
556,502,165,8,495.34,0.07
557,89,196,1,77.57,0.19
558,856,185,4,260.24,
559,471,77,5,426.63,0.25
560,294,1,8,218.47,0.29
561,426,199,2,461.89,0.21
562,482,20,10,40.29,0.01
563,941,200,2,244.24,0.2
564,885,89,6,194.85,0.01
565,834,91,6,176.43,0.22
566,828,116,10,199.24,0.18
567,120,13,8,6.33,0.18
568,914,4,6,446.93,
569,283,195,9,79.06,
570,553,54,7,385.63,0.22
571,41,96,9,279.57,0.08
572,711,169,9,11.16,0.05
573,715,98,7,356.1,0.06
574,243,107,1,466.61,0.14
575,270,129,1,382.23,0.15
576,518,155,1,300.31,
577,696,154,2,272.72,0.21
578,907,57,4,341.97,0.24
579,388,86,9,172.56,
580,167,62,2,60.16,0.01
581,466,173,3,13.95,0.27
582,695,9999,5,184.86,0.14
583,715,15,3,459.67,0.02
584,769,100,10,288.29,0.17
585,432,125,7,70.47,0.07
586,720,97,6,119.88,
587,768,190,1,69.22,0.17
588,460,9999,9,203.64,0.24
589,403,102,7,415.47,0.04
590,544,23,7,136.66,
591,559,3,10,26.68,
592,169,190,1,75.87,
593,623,41,8,379.7,0.21
594,376,29,3,484.74,
595,639,111,8,177.66,0.15
596,303,66,10,476.15,
597,293,155,5,463.24,0.03
598,571,144,9,299.65,0.11
599,217,73,7,490.27,
600,172,176,2,249.2,0.09
601,418,61,7,55.76,0.04
602,555,115,-2,432.53,
603,432,104,-4,179.89,0.11
604,374,96,1,38.59,0.22
605,974,128,6,214.51,0.13
606,64,46,2,108.55,0.09
607,581,182,5,367.3,0.03
608,832,120,6,362.73,
609,956,195,9,320.43,0.13
610,762,184,4,217.69,0.04
611,241,83,8,135.6,0.14
612,561,96,1,387.14,0.3
613,711,122,2,273.32,0.0
614,658,48,10,183.14,0.07
615,871,177,8,110.29,0.06
616,882,67,9,461.17,0.23
617,836,118,10,328.11,0.13
618,941,182,9,434.4,0.01
619,245,6,5,345.93,
620,434,59,3,260.55,0.06
621,305,19,9,78.93,0.24
622,495,83,6,422.16,0.04
623,399,114,10,346.41,0.06
624,983,8,-2,395.36,0.06
625,159,195,3,457.24,0.14
626,224,20,9,351.42,
627,408,77,1,463.13,0.06
628,371,97,6,309.11,
629,516,35,2,365.32,
630,485,77,3,449.41,0.2
631,890,195,3,216.87,0.11
632,949,9999,3,11.83,
633,724,131,6,318.97,0.28
634,905,68,2,144.95,0.09
635,498,54,4,490.57,0.17
636,497,139,10,395.85,0.27
637,519,151,6,407.86,
638,289,170,7,388.66,0.06
639,135,152,7,55.21,
640,736,181,9,403.76,
641,888,85,9,466.73,0.0
642,717,176,3,73.05,
643,606,181,8,153.58,0.28
644,166,184,9,349.56,
645,526,135,3,106.49,0.16
646,495,169,5,38.36,0.12
647,79,52,5,289.89,0.09
648,766,154,5,198.75,0.1
649,439,160,7,100.43,0.07
650,4,114,7,402.97,
651,557,37,7,203.38,
652,429,82,9,206.14,0.15
653,950,103,6,444.79,0.3
654,177,111,1,30.89,0.1
655,806,136,5,343.23,0.12
656,362,28,5,431.48,0.23
657,603,76,-4,104.79,0.16
658,437,199,6,411.19,0.22
659,464,63,1,441.54,0.28
660,158,132,1,90.81,0.1
661,50,189,1,491.64,0.08
662,71,172,10,386.23,0.25
663,488,148,3,421.15,0.05
664,276,93,5,265.68,0.27
665,476,193,8,153.08,0.3
666,587,164,4,288.65,0.27
667,599,195,3,330.64,0.05
668,632,38,1,401.71,0.11
669,544,196,9,143.78,0.01
670,196,40,2,283.94,0.14
671,293,118,6,478.06,
672,317,109,9,362.21,0.15
673,773,156,9,437.53,0.24
674,284,108,4,88.32,0.01
675,659,141,10,379.59,
676,431,75,4,53.84,0.06
677,3,47,4,330.32,0.2
678,381,136,2,237.03,0.09
679,151,93,10,159.64,0.18
680,24,40,8,363.84,0.14
681,462,149,3,442.53,0.2
682,587,182,7,161.6,0.24
683,556,115,9,143.88,0.13
684,331,19,8,213.26,0.06
685,538,140,1,422.28,0.14
686,68,17,10,33.75,0.11
687,624,161,7,414.25,0.08
688,525,53,3,479.94,0.12
689,155,103,3,61.69,0.2
690,29,86,9,439.85,0.05
691,581,139,7,424.43,0.03
692,786,7,8,8.49,0.21
693,871,10,1,230.07,
694,493,151,7,278.87,0.07
695,928,170,7,332.37,0.14
696,48,81,8,167.31,0.12
697,532,58,4,172.47,0.0
698,499,190,3,420.73,0.26
699,103,88,6,222.79,0.11
700,660,123,4,260.71,0.08
701,46,131,2,486.07,0.09
702,495,167,2,377.51,0.29
703,813,13,9,495.29,
704,643,199,2,373.11,0.13
705,894,115,3,119.9,0.24
706,643,110,5,208.95,0.24
707,26,60,7,364.19,0.09
708,23,56,10,163.05,0.15
709,678,31,8,186.2,0.05
710,932,38,4,56.71,0.17
711,761,10,2,169.06,0.21
712,312,59,5,49.78,0.22
713,71,161,9,127.48,0.12
714,970,54,7,424.05,0.12
715,745,191,6,274.66,0.28
716,499,157,2,223.77,0.28
717,920,132,7,284.45,
718,855,26,5,419.7,0.12
719,911,152,9,105.68,0.13
720,27,33,3,270.33,0.19
721,248,198,3,215.25,0.1
722,956,148,10,195.31,0.03
723,913,97,2,301.89,0.12
724,446,1,6,374.57,0.08
725,831,9,3,71.15,0.07
726,629,11,4,363.97,0.17
727,913,92,1,51.42,0.18
728,336,78,7,64.55,0.19
729,217,90,5,426.48,0.13
730,315,97,2,277.04,0.23
731,389,146,6,368.86,0.27
732,649,150,3,245.55,0.26
733,270,77,1,112.08,0.24
734,834,1,6,174.92,0.29
735,852,70,5,438.13,0.04
736,547,59,5,237.07,0.07
737,259,71,2,190.03,0.17
738,203,24,10,231.7,0.18
739,325,35,1,148.31,0.09
740,452,112,9,101.19,0.24
741,515,26,9,242.81,0.09
742,597,24,5,118.28,0.12
743,647,4,9,43.42,0.01
744,688,135,5,68.79,0.25
745,417,167,3,432.54,0.2
746,251,185,5,93.71,0.0
747,35,50,9,218.71,0.19
748,965,179,-3,458.18,
749,296,25,3,18.52,0.01
750,323,82,10,75.13,
751,881,64,9,74.62,
752,140,9,4,435.19,0.06
753,181,97,1,52.32,0.18
754,48,30,5,269.42,0.17
755,198,45,9,192.52,0.24
756,163,154,7,341.24,0.06
757,191,77,5,306.66,0.0
758,271,111,5,91.06,
759,830,92,8,320.15,0.27
760,841,170,6,92.79,0.07
761,415,24,3,498.65,0.12
762,834,17,7,480.42,0.07
763,655,159,7,153.57,0.23
764,379,104,6,83.83,0.23
765,972,196,6,335.13,0.17
766,716,105,10,277.96,0.07
767,297,182,7,249.46,0.09
768,347,41,7,475.7,0.16
769,230,55,5,208.36,0.22
770,253,7,2,199.68,0.09
771,482,61,9,394.73,
772,99,58,9,46.23,0.23
773,672,119,4,16.45,0.14
774,389,177,1,471.78,0.18
775,835,142,1,280.19,
776,750,54,2,489.63,0.06
777,787,198,3,165.04,0.04
778,593,163,5,175.51,0.28
779,196,118,10,430.98,0.27
780,12,147,2,496.77,
781,658,99,10,232.78,0.14
782,689,175,4,113.13,0.03
783,108,28,10,18.63,0.22
784,582,188,2,101.37,0.29
785,221,171,8,330.11,0.21
786,547,73,10,275.02,0.03
787,64,112,4,23.66,0.27
788,94,3,10,328.95,0.2
789,791,80,3,447.35,
790,543,107,2,205.08,0.01
791,988,159,4,149.53,
792,866,67,6,154.67,0.05
793,62,51,1,349.2,0.2
794,498,152,9,194.17,
795,807,180,8,62.42,0.23
796,101,80,1,498.2,0.14
797,889,9999,9,280.04,0.09
798,123,137,5,161.97,0.28
799,77,156,7,240.84,0.15
800,302,49,4,279.28,0.01
801,653,158,7,65.45,0.09
802,256,31,1,42.69,0.28
803,224,106,7,483.08,
804,69,65,6,87.77,0.23
805,509,20,-3,145.08,0.02
806,725,139,10,141.58,0.27
807,437,73,10,114.35,
808,379,161,6,219.18,0.2
809,412,94,5,443.82,0.06
810,654,117,7,70.97,0.12
811,27,3,1,46.09,0.2
812,282,57,-2,257.08,0.13
813,185,180,2,439.09,
814,654,106,10,34.2,0.29
815,778,35,1,238.5,
816,514,32,3,74.3,
817,152,143,1,270.34,0.26
818,539,156,5,20.82,0.01
819,770,116,2,117.95,0.03
820,119,89,6,101.15,0.28
821,950,197,10,69.97,0.24
822,448,164,6,478.47,0.01
823,778,62,9,13.51,
824,917,160,6,125.08,
825,341,33,9,381.67,
826,672,121,8,147.48,0.04
827,38,165,9,463.54,0.12
828,775,144,1,338.48,0.17
829,792,38,10,364.07,0.08
830,940,185,10,11.8,0.17
831,981,127,10,288.22,0.01
832,778,148,1,417.89,0.13
833,653,77,3,262.31,0.13
834,387,13,7,232.55,0.23
835,381,12,6,76.23,0.28
836,429,18,9,34.0,0.19
837,525,123,10,308.82,0.25
838,303,118,8,430.54,
839,822,3,3,123.99,
840,257,78,1,140.58,0.04
841,114,88,7,302.17,0.1
842,470,150,7,91.19,0.24
843,16,43,1,123.39,0.07
844,148,87,5,182.62,0.25
845,330,36,4,27.81,
846,849,112,10,302.05,0.03
847,303,154,3,18.09,
848,476,197,2,182.8,0.05
849,416,54,1,201.13,0.25
850,770,56,4,295.25,0.09
851,799,92,-4,27.32,
852,600,148,4,109.76,0.15
853,499,16,-5,95.98,0.1
854,102,48,7,359.19,0.21
855,66,95,10,158.01,0.17
856,637,37,5,397.99,0.24
857,223,60,7,327.19,0.27
858,548,73,5,223.34,0.07
859,14,31,6,101.93,0.27
860,943,116,7,484.75,0.1
861,353,121,7,38.11,
862,590,23,6,241.01,
863,679,185,3,70.36,
864,117,161,8,16.9,0.14
865,438,63,4,343.56,
866,365,19,7,410.27,0.09
867,525,57,2,46.15,0.18
868,198,8,4,229.51,0.27
869,584,145,3,437.48,0.02
870,147,89,9,426.47,0.06
871,491,138,2,247.99,0.24
872,509,146,6,448.28,0.04
873,97,71,1,408.19,0.05
874,439,48,4,436.39,0.24
875,500,72,6,114.2,0.07
876,973,173,7,308.73,0.08
877,452,151,3,142.95,0.09
878,377,6,3,160.88,0.17
879,582,99,6,430.08,
880,689,108,8,438.53,0.05
881,968,82,10,223.22,0.08
882,899,36,10,59.57,0.23
883,381,48,4,149.89,0.17
884,878,180,1,147.0,0.15
885,581,36,9,149.2,0.14
886,209,157,2,149.84,0.25
887,967,37,4,225.13,0.05
888,58,179,6,36.7,0.15
889,785,4,7,316.92,0.25
890,803,134,1,60.85,0.26
891,846,13,9,149.63,0.04
892,837,140,4,214.32,0.17
893,24,131,9,304.6,0.22
894,88,98,-3,321.86,0.28
895,913,154,9,492.76,0.08
896,733,30,3,134.47,0.26
897,930,56,1,43.34,0.09
898,113,136,1,272.74,
899,975,131,1,146.49,0.02
900,63,17,7,447.34,0.21
901,854,134,2,140.85,0.14
902,470,130,1,314.11,
903,945,82,8,59.44,0.14
904,269,156,8,396.2,0.12
905,621,144,4,244.45,
906,96,133,7,490.57,0.13
907,88,121,7,222.08,0.21
908,207,41,8,435.54,0.26
909,341,138,4,131.51,0.02
910,357,113,9,187.96,0.07
911,254,152,9,85.73,
912,410,25,8,170.9,
913,698,69,7,276.29,0.06
914,835,52,-1,173.78,
915,846,123,7,298.3,0.07
916,325,95,1,86.48,
917,531,77,4,7.19,0.25
918,964,138,8,66.91,0.0
919,468,58,3,475.31,0.14
920,942,194,9,149.78,0.21
921,493,100,10,35.43,0.02
922,75,37,5,74.7,0.09
923,222,14,8,425.14,0.13
924,481,159,7,467.66,0.17
925,487,94,7,178.18,0.23
926,417,156,7,264.39,0.09
927,273,158,3,84.93,0.08
928,142,98,6,102.16,0.06
929,712,23,5,125.72,0.0
930,22,73,4,213.56,0.1
931,808,30,6,23.39,0.01
932,407,39,1,254.44,
933,358,184,5,423.12,0.18
934,885,53,5,256.26,0.11
935,916,48,10,204.45,0.25
936,394,182,7,492.55,0.09
937,852,40,4,50.35,0.15
938,143,105,3,390.45,
939,403,68,10,451.31,0.15
940,132,11,3,15.29,0.01
941,312,97,6,47.58,
942,785,54,8,439.32,0.2
943,748,166,4,494.23,0.13
944,672,98,4,406.85,
945,60,10,9,411.27,0.02
946,455,187,-3,427.54,0.01
947,540,60,5,36.91,0.28
948,775,175,4,29.44,0.07
949,455,23,7,199.98,0.19
950,525,22,3,338.82,0.02
951,874,195,8,447.59,0.23
952,868,9999,4,41.46,0.3
953,38,175,4,338.8,0.0
954,628,52,10,254.4,0.03
955,599,192,7,305.17,0.12
956,885,8,2,205.74,0.14
957,888,127,3,330.81,0.29
958,419,111,6,17.16,0.12
959,795,42,7,90.09,
960,436,114,9,10.54,0.06
961,660,102,6,88.66,0.19
962,693,138,1,234.58,0.07
963,326,28,6,313.13,0.05
964,331,127,1,276.78,
965,571,190,6,19.52,
966,728,75,8,59.13,0.12
967,495,49,3,297.16,0.11
968,406,24,8,44.74,
969,316,11,6,388.06,
970,618,70,3,263.81,0.25
971,504,119,4,323.07,0.18
972,19,188,6,318.64,
973,520,161,5,89.6,0.01
974,678,89,3,85.22,0.12
975,216,163,7,88.23,
976,802,164,3,407.13,0.27
977,667,36,10,228.36,0.28
978,753,7,6,249.93,0.03
979,658,79,10,186.9,0.23
980,508,185,8,395.55,0.09
981,963,66,2,143.94,0.27
982,550,108,9,103.32,0.08
983,204,144,4,332.37,0.2
984,968,41,8,111.84,0.25
985,531,40,8,239.02,0.0
986,521,75,7,386.87,0.07
987,850,77,7,498.42,0.26
988,33,196,5,162.97,
989,739,45,7,234.42,0.0
990,469,45,10,380.45,0.21
991,458,190,3,423.05,0.08
992,808,171,1,124.64,0.02
993,142,90,1,339.91,0.19
994,308,6,9,51.64,0.07
995,67,119,4,413.06,0.19
996,853,49,2,60.28,0.11
997,30,43,3,443.04,0.04
998,445,98,6,59.95,
999,373,136,6,177.54,0.02
1000,648,11,2,294.38,0.02
1001,682,78,6,159.77,0.21
1002,716,196,8,97.31,0.12
1003,205,65,3,423.7,0.25
1004,384,185,3,381.72,0.03
1005,772,132,2,258.03,0.13
1006,164,160,7,287.65,
1007,853,6,4,461.86,0.28
1008,447,16,1,357.58,0.25
1009,553,33,7,223.15,0.03
1010,178,56,4,414.75,0.17
1011,981,129,2,330.5,0.02
1012,379,63,6,27.87,0.17
1013,805,28,3,238.33,0.13
1014,478,157,6,149.94,
1015,293,50,9,426.17,0.09
1016,447,96,2,443.87,0.26
1017,681,124,2,163.74,0.2
1018,118,120,7,452.11,0.24
1019,932,42,7,74.92,0.22
1020,749,59,3,82.58,0.07
1021,581,83,8,220.4,0.23
1022,368,132,8,5.48,0.1
1023,610,187,4,32.96,0.02
1024,829,2,7,372.49,0.17
1025,569,55,5,320.79,0.05
1026,324,116,1,122.68,0.08
1027,620,53,8,341.31,0.02
1028,729,62,9,254.97,
1029,910,141,8,90.4,
1030,769,63,7,34.75,0.05
1031,3,138,3,184.02,0.01
1032,564,176,7,263.87,0.19
1033,228,3,10,339.98,0.19
1034,719,63,10,11.25,0.18
1035,314,110,1,26.16,0.02
1036,716,200,8,457.1,0.13
1037,276,8,9,419.79,0.05
1038,470,9999,2,441.67,0.02
1039,272,78,6,213.06,0.19
1040,353,30,8,216.75,
1041,450,176,9,252.74,0.25
1042,247,103,7,383.63,0.23
1043,557,7,8,107.7,
1044,558,135,5,412.47,
1045,747,176,5,335.27,0.09
1046,807,98,7,106.37,0.09
1047,697,118,2,343.68,
1048,688,48,4,60.78,0.16
1049,432,107,1,421.65,0.11
1050,579,131,1,112.14,0.23
1051,237,9999,4,245.78,0.19
1052,412,177,6,290.44,
1053,975,181,10,61.24,0.14
1054,60,154,2,26.62,0.11
1055,960,149,9,228.57,
1056,161,32,1,48.32,
1057,714,103,8,170.66,0.18
1058,810,134,10,241.15,0.18
1059,640,81,3,57.7,
1060,286,105,7,181.19,0.17
1061,548,3,8,109.57,0.26
1062,887,105,2,496.61,0.03
1063,611,94,8,409.9,0.23
1064,106,79,4,246.56,0.02
1065,588,55,10,325.89,0.02
1066,544,43,2,382.99,0.0
1067,79,127,3,61.89,0.3
1068,200,31,4,43.06,0.16
1069,275,194,5,346.18,0.07
1070,689,92,6,260.36,0.07
1071,712,61,10,276.34,0.05
1072,872,188,3,77.02,0.29
1073,351,70,10,351.78,
1074,572,18,5,416.88,0.27
1075,927,181,4,205.88,
1076,713,60,5,182.21,
1077,213,143,4,51.44,0.23
1078,618,198,10,202.97,0.1
1079,981,167,5,184.37,0.16
1080,139,187,10,304.65,
1081,111,163,4,167.67,0.28
1082,429,17,4,111.82,0.06
1083,440,123,2,242.02,0.09
1084,12,47,3,324.94,0.28
1085,97,135,4,406.33,
1086,690,48,7,159.77,0.03
1087,558,80,3,151.78,0.26
1088,278,172,5,126.1,0.11
1089,715,113,2,63.42,0.13
1090,67,107,1,308.28,0.03
1091,507,159,2,449.14,0.1
1092,851,77,2,343.77,0.15
1093,845,20,2,18.44,
1094,393,69,10,298.85,
1095,650,62,7,219.23,0.3
1096,615,43,4,119.7,0.17
1097,96,161,4,306.37,
1098,637,79,3,150.56,0.2
1099,525,70,4,403.95,0.16
1100,236,66,6,55.75,0.16
1101,447,66,9,220.16,0.24
1102,180,187,7,472.17,0.17
1103,352,69,1,290.92,0.29
1104,874,134,6,306.35,0.28
1105,864,3,7,404.3,0.29
1106,291,83,8,205.4,
1107,469,141,1,23.63,0.18
1108,281,131,4,467.61,0.22
1109,626,171,7,217.7,0.18
1110,265,105,8,351.64,0.01
1111,885,111,2,423.91,0.27
1112,83,195,9,134.05,0.21
1113,969,87,6,212.32,0.0
1114,347,187,1,344.68,0.2
1115,268,186,4,145.62,0.29
1116,626,112,6,14.23,0.28
1117,332,5,7,207.22,0.24
1118,235,80,5,451.11,0.13
1119,483,138,6,401.76,
1120,982,34,4,271.76,0.3
1121,439,194,5,259.51,0.19
1122,779,133,10,126.02,0.26
1123,890,99,9,178.64,
1124,861,198,3,222.44,0.18
1125,87,157,1,380.75,0.15
1126,378,182,6,264.47,0.01
1127,222,107,4,374.94,0.09
1128,289,153,9,391.54,0.22
1129,251,138,3,102.11,0.2
1130,91,191,8,441.98,0.27
1131,309,92,7,90.66,0.04
1132,251,114,1,257.17,0.17
1133,908,127,8,483.26,0.18
1134,701,62,9,357.87,
1135,363,115,5,439.7,0.29
1136,803,100,9,240.28,
1137,894,123,6,44.86,0.11
1138,306,82,4,327.61,0.19
1139,60,165,10,426.3,0.24
1140,382,186,4,373.71,0.1
1141,538,86,7,185.9,0.05
1142,206,34,7,492.01,0.27
1143,688,10,1,428.46,0.02
1144,62,79,6,413.11,
1145,615,154,10,369.12,0.3
1146,89,175,9,111.44,0.24
1147,284,20,5,237.84,0.03
1148,659,105,1,143.93,0.18
1149,410,99,3,355.54,
1150,382,95,10,295.15,
1151,658,71,4,347.37,
1152,185,48,5,428.41,0.25
1153,697,137,3,38.21,
1154,69,23,7,20.95,0.14
1155,250,152,5,229.62,0.1
1156,268,78,1,98.05,0.08
1157,18,192,3,458.58,0.15
1158,661,92,9,458.31,0.23
1159,417,128,2,105.87,0.28
1160,79,49,-3,259.49,
1161,923,108,9,408.28,0.29
1162,959,138,3,348.41,0.18
1163,352,159,10,263.64,0.2
1164,78,142,6,183.7,0.27
1165,887,118,10,93.02,0.28
1166,100,80,10,50.39,0.23
1167,750,51,2,410.47,0.06
1168,131,45,3,55.88,0.11
1169,475,62,1,421.01,0.03
1170,65,40,4,151.12,0.09
1171,412,64,6,184.41,0.29
1172,329,49,5,151.93,0.16
1173,688,13,7,183.48,0.2
1174,321,105,7,122.5,0.1
1175,908,143,3,300.83,
1176,417,154,3,32.26,0.02
1177,633,27,2,459.27,0.29
1178,390,24,-1,320.04,
1179,257,190,9,74.99,0.28
1180,156,163,6,464.3,0.2
1181,391,146,3,20.09,
1182,278,182,1,10.51,0.04
1183,819,163,3,381.23,0.14
1184,721,38,8,456.87,0.1
1185,506,66,9,234.22,
1186,625,76,1,168.94,0.27
1187,823,181,9,202.72,0.01
1188,566,47,7,392.67,0.27
1189,270,103,10,483.19,
1190,594,22,10,255.0,0.29
1191,266,25,6,315.37,0.24
1192,226,126,9,224.18,0.1
1193,714,158,4,41.66,0.29
1194,427,36,1,442.94,0.24
1195,889,98,-3,243.59,0.2
1196,458,21,10,12.63,0.06
1197,125,187,9,295.5,0.1
1198,252,184,5,41.34,0.04
1199,471,188,6,120.51,0.17
1200,603,24,7,239.74,0.25
1201,340,33,7,249.25,0.08
1202,523,104,9,375.37,0.24
1203,390,39,3,186.94,0.2
1204,680,41,3,359.87,0.23
1205,114,40,4,25.66,0.15
1206,438,77,7,245.05,0.15
1207,19,103,9,113.31,0.22
1208,589,148,3,44.28,0.06
1209,961,89,6,301.85,
1210,516,126,8,482.86,
1211,703,163,9,195.96,0.28
1212,439,195,2,396.0,0.13
1213,343,157,6,40.61,0.19
1214,319,157,9,301.43,0.22
1215,936,145,6,369.52,0.02
1216,113,50,2,380.51,0.14
1217,655,72,9,143.98,0.22
1218,313,154,7,208.05,
1219,644,66,1,477.68,0.26
1220,35,53,5,279.01,
1221,875,57,4,190.49,0.12
1222,765,89,5,211.33,
1223,251,101,7,244.86,0.22
1224,413,36,1,316.42,0.12
1225,714,77,2,58.01,0.21
1226,841,105,3,402.49,0.01
1227,88,92,4,280.76,0.2
1228,465,82,2,457.52,0.13
1229,223,95,9,137.16,0.0
1230,575,6,6,45.68,0.17
1231,584,156,8,244.22,0.05
1232,694,77,5,303.99,
1233,211,110,10,273.04,0.2
1234,251,165,10,240.56,0.13
1235,389,150,8,14.28,0.22
1236,270,182,5,115.21,0.16
1237,674,87,10,91.49,
1238,3,69,1,246.0,0.21
1239,306,89,10,234.59,
1240,53,29,6,323.51,0.26
1241,785,68,2,410.23,0.21
1242,496,91,8,481.15,0.08
1243,229,166,8,157.97,0.1
1244,665,55,6,80.07,0.16
1245,990,142,-1,393.95,0.15
1246,613,125,9,53.37,0.01
1247,807,136,5,315.89,
1248,199,62,5,224.8,0.14
1249,258,152,8,318.63,
1250,748,172,4,487.23,
1251,358,147,1,261.51,0.28
1252,382,104,8,17.57,0.12
1253,20,90,1,331.23,
1254,108,10,8,288.53,0.17
1255,501,180,9,159.74,0.12
1256,721,192,10,406.16,0.16
1257,811,109,4,179.71,
1258,439,62,6,353.1,0.01
1259,60,35,4,138.69,
1260,219,89,4,307.99,
1261,195,120,5,86.66,0.29
1262,233,173,6,242.49,0.17
1263,453,17,5,262.48,
1264,721,171,-5,457.52,0.07
1265,373,112,9,407.81,0.01
1266,179,88,7,122.46,0.24
1267,969,200,3,443.75,0.16
1268,440,27,3,337.75,0.24
1269,171,161,6,434.03,0.02
1270,111,165,3,422.24,0.26
1271,404,195,5,316.44,0.27
1272,717,96,6,143.68,0.03
1273,100,177,6,47.24,0.14
1274,524,176,1,107.01,0.19
1275,103,56,7,258.93,0.16
1276,920,128,5,194.09,
1277,29,67,4,103.17,0.29
1278,921,48,9,107.49,0.06
1279,521,200,5,237.01,0.22
1280,11,170,7,58.66,0.23
1281,387,155,8,213.43,0.25
1282,652,25,1,144.56,0.15
1283,575,77,7,407.89,0.07
1284,847,100,6,398.94,0.13
1285,306,157,1,164.84,0.23
1286,624,100,5,399.06,0.29
1287,737,125,4,152.69,0.2
1288,118,153,1,66.07,
1289,885,147,7,496.77,
1290,401,3,3,63.34,0.07
1291,613,102,6,476.54,0.0
1292,179,147,1,277.45,0.11
1293,283,37,10,119.79,0.11
1294,237,77,10,321.2,
1295,371,84,8,159.19,0.11
1296,223,181,1,438.66,0.09
1297,930,23,9,126.05,
1298,339,163,8,285.3,
1299,226,195,8,54.48,0.02
1300,498,50,7,252.66,0.27
1301,311,65,7,7.38,
1302,402,60,9,297.35,0.13
1303,573,194,7,231.47,0.13
1304,63,9999,5,165.68,0.25
1305,954,184,4,422.17,0.14
1306,243,58,10,396.67,0.22
1307,463,194,5,497.3,0.23
1308,310,137,10,155.22,0.13
1309,822,30,6,196.57,0.25
1310,167,117,10,446.05,0.17
1311,912,123,2,57.07,
1312,977,122,8,184.22,0.11
1313,350,132,8,80.09,0.17
1314,304,69,1,380.31,0.18
1315,265,98,6,372.11,
1316,445,152,3,461.47,0.22
1317,418,133,7,391.98,0.19
1318,883,113,8,300.09,0.23
1319,211,105,4,251.02,0.26
1320,828,114,2,32.31,0.07
1321,367,142,3,97.78,0.12
1322,923,43,3,119.75,0.23
1323,54,56,4,129.85,0.24
1324,834,8,7,285.17,0.21
1325,697,103,3,99.41,0.26
1326,331,154,3,255.39,0.21
1327,50,98,5,130.64,0.17
1328,295,200,4,57.78,0.19
1329,784,3,6,178.28,0.04
1330,822,9999,8,208.05,0.29
1331,374,8,7,277.57,0.13
1332,407,47,10,475.72,
1333,256,124,2,312.61,0.1
1334,411,54,10,332.61,0.14
1335,538,41,9,251.05,0.21
1336,258,80,7,90.97,0.14
1337,683,80,7,9.13,
1338,188,130,-5,14.6,
1339,43,125,2,79.28,
1340,698,181,1,45.72,0.11
1341,376,18,9,251.65,
1342,886,15,5,205.87,
1343,478,190,-5,180.98,0.2
1344,459,44,4,434.52,0.14
1345,931,75,4,104.82,0.11
1346,976,61,4,201.96,0.0
1347,51,67,10,81.0,
1348,498,190,6,252.58,
1349,650,25,2,284.92,0.29
1350,495,8,6,41.44,
1351,123,40,6,67.53,0.04
1352,579,1,10,325.49,
1353,489,130,2,175.12,0.19
1354,381,32,4,402.03,0.02
1355,616,5,8,170.45,0.09
1356,880,80,5,282.84,0.07
1357,422,34,2,260.98,0.21
1358,183,148,8,365.17,0.28
1359,445,119,5,152.05,0.06
1360,905,78,8,261.85,
1361,888,122,7,377.58,0.07
1362,531,166,3,308.62,0.23
1363,232,137,5,67.05,0.26
1364,985,8,10,147.1,0.13
1365,363,123,5,440.1,0.21
1366,711,33,10,81.13,
1367,423,60,2,360.33,0.25
1368,61,174,8,124.65,0.03
1369,472,47,2,133.02,0.1
1370,586,4,2,263.24,
1371,626,56,10,266.11,0.13
1372,314,148,4,417.86,0.19
1373,331,176,8,394.82,0.02
1374,362,153,-4,87.25,0.05
1375,309,200,6,10.25,0.04
1376,577,10,1,219.0,0.12
1377,886,80,8,254.1,0.22
1378,333,169,5,92.14,0.12
1379,505,186,1,368.68,0.11
1380,884,147,4,156.36,0.17
1381,602,82,10,433.24,0.21
1382,179,143,6,231.05,0.24
1383,524,57,8,120.06,0.19
1384,859,13,4,214.43,
1385,184,195,5,15.71,0.11
1386,732,41,4,176.69,0.02
1387,50,34,1,246.3,
1388,970,137,1,402.97,0.08
1389,716,39,5,473.42,0.02
1390,608,96,2,70.14,0.24
1391,37,198,10,50.11,0.29
1392,908,6,4,365.97,0.29
1393,954,18,8,59.49,0.26
1394,322,32,7,218.96,0.29
1395,647,72,1,420.75,0.22
1396,138,20,9,330.28,0.21
1397,244,3,1,231.81,0.09
1398,297,81,7,252.98,0.2
1399,610,20,4,347.9,0.27
1400,518,196,2,26.85,0.23
1401,428,13,10,78.66,0.16
1402,571,153,5,400.63,0.2
1403,396,143,7,483.61,0.16
1404,361,176,7,465.83,
1405,359,170,6,496.66,0.16
1406,165,46,1,242.19,
1407,500,1,9,60.57,0.26
1408,459,50,6,212.89,
1409,529,186,1,479.92,0.23
1410,619,134,10,316.26,0.03
1411,262,73,4,208.77,0.08
1412,493,10,7,265.79,0.13
1413,71,87,2,46.58,0.13
1414,360,94,4,498.47,0.23
1415,516,161,4,296.34,
1416,738,90,6,217.12,0.06
1417,790,123,4,14.12,0.11
1418,705,28,3,420.63,
1419,290,173,2,76.07,0.04
1420,384,75,1,330.8,0.09
1421,33,191,10,295.14,0.06
1422,867,162,9,257.45,
1423,387,55,-3,128.12,0.2
1424,29,21,6,82.91,0.28
1425,19,183,8,495.84,0.19
1426,322,106,3,258.43,0.06
1427,103,97,6,81.83,0.19
1428,58,9999,1,69.17,0.09
1429,382,120,2,96.3,
1430,378,189,5,55.63,0.19
1431,791,4,7,204.26,
1432,556,47,3,246.46,0.23
1433,498,9,7,400.83,0.1
1434,486,83,5,154.86,
1435,149,67,3,129.28,0.12
1436,742,119,2,153.6,
1437,966,29,1,349.25,0.11
1438,602,68,10,382.31,0.12
1439,393,68,2,437.31,0.22
1440,851,149,10,66.97,0.28
1441,980,154,5,364.51,0.17
1442,796,17,4,134.61,0.06
1443,72,29,9,318.58,0.28
1444,351,179,3,160.86,
1445,895,1,8,24.08,0.0
1446,763,13,7,229.35,0.25
1447,470,18,2,135.02,0.23
1448,400,122,3,231.57,0.14
1449,276,117,1,115.13,0.28
1450,272,161,9,227.64,0.07
1451,624,59,10,148.02,
1452,646,77,7,13.38,
1453,778,90,2,352.9,0.1
1454,948,62,1,45.2,0.18
1455,660,105,3,164.45,0.12
1456,296,72,9,203.0,0.26
1457,388,163,9,297.52,0.16
1458,479,167,2,17.55,
1459,914,120,-5,225.04,0.23
1460,228,81,5,299.78,0.24
1461,957,136,2,223.96,0.23
1462,853,10,1,89.26,
1463,294,92,10,214.32,0.07
1464,682,78,7,492.54,0.11
1465,166,28,1,410.18,0.11
1466,929,9999,1,159.0,0.18
1467,185,104,4,361.07,0.29
1468,629,117,8,112.15,0.09
1469,438,40,8,360.24,
1470,941,192,6,423.67,0.1
1471,678,160,8,331.13,0.14
1472,95,21,4,140.37,0.04
1473,784,156,1,218.06,0.17
1474,104,59,8,305.72,
1475,735,35,7,350.26,0.18
1476,957,193,5,203.32,0.16
1477,611,27,6,183.51,
1478,895,184,3,240.34,0.03
1479,554,102,10,482.61,0.04
1480,854,15,10,462.34,0.02
1481,50,29,1,46.17,0.02
1482,73,118,5,394.95,0.22
1483,642,36,4,5.6,0.17
1484,144,50,5,334.67,0.17
1485,53,176,9,427.09,0.06
1486,955,16,5,266.97,0.27
1487,478,63,7,428.76,0.29
1488,743,156,2,387.19,0.04
1489,144,55,9,364.98,0.09
1490,493,164,4,415.09,
1491,424,30,7,305.74,0.06
1492,935,152,8,220.1,
1493,250,148,10,368.42,0.29
1494,144,137,7,403.5,0.05
1495,910,119,10,423.63,0.25
1496,170,81,10,210.16,0.09
1497,533,64,7,384.54,0.13
1498,116,30,4,114.29,0.01
1499,725,83,8,47.16,0.21
1500,609,178,7,350.81,
1501,494,157,6,290.68,0.0
1502,748,100,8,88.31,0.27
1503,990,186,3,99.18,0.02
1504,816,9999,6,330.66,0.29
1505,480,185,10,101.8,0.29
1506,874,196,10,481.03,0.08
1507,463,22,8,339.33,0.29
1508,467,182,3,480.84,0.2
1509,884,27,9,149.37,0.06
1510,32,140,7,478.34,
1511,971,38,3,316.0,0.17
1512,524,44,1,444.55,0.16
1513,208,163,7,490.89,0.09
1514,358,1,1,36.71,0.01
1515,303,121,2,221.24,0.15
1516,715,54,6,37.78,0.22
1517,362,176,1,478.71,0.01
1518,118,177,5,356.45,
1519,899,177,4,212.08,0.04
1520,247,40,9,119.3,0.06
1521,279,164,8,168.79,0.03
1522,446,37,9,19.92,0.26
1523,727,32,7,308.05,0.14
1524,693,64,1,130.85,0.08
1525,966,26,5,292.24,
1526,703,75,6,278.4,
1527,747,126,3,292.15,0.21
1528,529,9999,2,63.91,
1529,838,157,7,309.56,0.12
1530,749,50,3,355.63,0.21
1531,714,170,9,468.05,0.25
1532,198,166,5,121.33,0.22
1533,978,183,7,91.31,0.26
1534,204,12,2,62.33,0.05
1535,333,176,3,234.19,0.17
1536,182,57,8,141.8,0.29
1537,21,92,9,445.99,0.21
1538,608,140,5,414.27,
1539,624,57,6,480.01,0.2
1540,374,47,6,283.95,0.13
1541,614,23,4,393.7,0.24
1542,229,79,8,208.78,
1543,896,197,2,48.44,0.16
1544,914,136,1,400.01,
1545,357,43,4,104.7,0.18
1546,385,132,8,219.15,0.04
1547,520,133,4,8.48,0.15
1548,400,190,4,366.61,0.23
1549,491,153,2,318.53,0.21
1550,958,57,8,375.34,0.2
1551,904,132,9,431.09,0.15
1552,108,197,4,484.73,0.21
1553,53,146,-5,237.78,0.09
1554,597,187,5,392.01,0.21
1555,658,80,1,228.69,0.25
1556,762,99,6,145.98,0.23
1557,851,146,7,20.34,0.08
1558,350,132,10,260.28,0.19
1559,883,14,10,353.5,0.13
1560,519,116,4,461.36,0.12
1561,817,97,5,498.02,0.09
1562,40,178,8,327.82,
1563,704,120,2,440.68,0.26
1564,324,165,8,256.39,0.18
1565,153,184,6,144.85,0.06
1566,596,88,9,169.85,0.22
1567,230,36,7,160.96,
1568,244,172,2,145.95,0.08
1569,707,36,4,137.58,0.09
1570,812,9,6,160.41,0.14
1571,43,39,7,61.21,0.06
1572,317,93,8,400.6,
1573,164,145,10,51.16,0.14
1574,750,4,6,19.68,0.03
1575,158,39,9,326.31,0.19
1576,374,73,6,127.92,
1577,263,83,6,292.41,
1578,418,86,8,251.72,0.18
1579,689,56,3,246.64,0.06
1580,741,68,7,22.51,0.21
1581,845,145,3,474.28,0.28
1582,18,176,1,284.3,0.1
1583,24,118,1,218.67,0.14
1584,940,88,3,24.14,0.25
1585,259,9,10,240.43,
1586,118,187,4,344.5,0.25
1587,603,19,3,291.11,0.19
1588,151,87,8,47.09,
1589,428,15,3,442.81,0.2
1590,456,47,1,161.2,0.1
1591,753,114,9,467.1,
1592,199,178,1,480.19,0.05
1593,591,75,7,186.01,0.04
1594,903,105,-1,211.39,0.01
1595,437,68,5,458.82,0.05
1596,473,141,5,237.29,0.16
1597,15,179,5,211.2,0.14
1598,889,112,10,259.4,0.29
1599,157,40,1,398.8,
1600,816,103,2,355.18,0.08
1601,449,88,8,41.89,0.13
1602,343,184,9,10.23,0.21
1603,987,97,8,484.86,0.11
1604,66,150,2,440.66,0.3
1605,137,93,6,337.76,0.25
1606,811,148,10,280.4,0.01
1607,451,9999,8,5.58,0.22
1608,410,27,1,242.37,0.22
1609,57,74,4,116.34,0.17
1610,750,98,3,325.82,0.02
1611,55,18,10,462.95,
1612,481,28,6,18.9,
1613,382,90,10,239.41,0.28
1614,236,159,2,10.92,0.19
1615,907,160,8,138.17,0.21
1616,680,86,10,214.02,0.22
1617,463,66,3,176.54,0.2
1618,631,67,3,32.8,
1619,292,200,8,149.4,0.24
1620,872,49,10,384.84,0.24
1621,816,190,10,226.41,0.22
1622,923,2,6,175.03,0.24
1623,469,169,6,262.88,0.12
1624,522,70,1,260.18,0.25
1625,346,44,1,338.55,0.08
1626,28,148,4,95.42,0.07
1627,149,189,2,451.17,
1628,986,180,2,481.27,0.2
1629,919,142,6,300.24,0.02
1630,366,106,4,30.9,0.22
1631,204,178,9,9.12,0.27
1632,152,108,6,310.02,0.2
1633,138,9999,5,275.59,
1634,589,124,9,432.91,0.04
1635,66,73,5,306.38,0.13
1636,396,9999,4,468.06,0.14
1637,561,175,3,44.9,0.14
1638,512,13,6,401.3,0.27
1639,434,110,9,261.64,0.18
1640,555,121,5,168.05,0.14
1641,302,61,2,459.44,0.04
1642,959,178,7,497.39,0.21
1643,986,47,6,333.43,
1644,716,65,4,260.39,
1645,157,136,5,241.87,0.22
1646,686,31,2,490.69,0.24
1647,140,180,1,483.21,0.01
1648,429,65,6,484.06,
1649,36,34,5,124.43,
1650,858,173,8,38.37,0.19
1651,292,91,2,400.9,
1652,641,140,8,274.54,
1653,926,195,7,211.02,0.26
1654,356,131,7,191.47,0.1
1655,854,134,3,316.1,0.16
1656,347,44,9,353.92,0.18
1657,934,158,10,461.56,0.23
1658,180,41,9,495.12,0.01
1659,158,21,3,408.17,0.26
1660,472,188,3,108.76,
1661,18,111,9,221.06,0.24
1662,952,124,3,216.6,0.2
1663,347,37,7,490.87,0.04
1664,518,124,4,416.43,0.02
1665,762,9999,9,117.64,0.19
1666,356,194,6,242.77,0.13
1667,198,34,8,252.35,0.01
1668,261,87,10,237.56,
1669,129,57,3,89.26,0.28
1670,459,6,3,395.39,
1671,745,85,5,454.58,0.22
1672,718,149,8,326.37,0.03
1673,489,138,2,183.04,0.19
1674,885,166,9,198.53,0.26
1675,390,77,5,259.88,0.08
1676,688,192,3,357.28,0.02
1677,707,140,6,269.66,0.13
1678,11,109,4,340.31,0.09
1679,861,72,7,140.92,0.01
1680,569,53,3,472.31,
1681,881,148,2,124.46,0.15
1682,888,37,4,181.15,0.02
1683,913,199,1,272.71,
1684,120,56,5,419.66,
1685,414,34,8,248.05,0.14
1686,327,94,10,187.2,0.17
1687,920,127,6,307.74,0.11
1688,913,167,7,71.33,0.02
1689,118,94,5,449.3,0.19
1690,965,81,6,75.99,0.28
1691,916,136,9,86.19,0.12
1692,321,18,3,50.8,0.11
1693,303,82,4,24.98,0.04
1694,646,160,8,105.23,0.23
1695,145,15,6,343.18,0.22
1696,94,189,5,9.76,0.17
1697,792,75,1,290.06,
1698,817,142,6,360.62,0.11
1699,586,146,1,144.74,0.18
1700,259,168,3,165.83,0.03
1701,922,30,5,371.8,0.07
1702,821,94,4,111.1,0.19
1703,709,119,7,48.16,0.09
1704,132,30,3,311.53,0.21
1705,515,58,5,298.07,0.01
1706,633,155,9,324.14,0.17
1707,694,93,2,413.13,
1708,590,10,2,337.0,
1709,402,187,4,51.58,0.07
1710,442,161,1,495.89,0.21
1711,713,124,4,346.94,0.03
1712,118,196,1,163.92,0.03
1713,740,41,4,139.85,0.18
1714,441,127,9,240.0,0.02
1715,733,89,3,182.26,0.14
1716,232,97,4,63.25,
1717,201,165,2,50.95,0.2
1718,788,198,8,488.39,0.29
1719,778,157,4,34.91,0.14
1720,14,156,10,432.02,0.12
1721,620,184,4,113.01,0.01
1722,111,82,1,391.77,0.26
1723,68,13,4,128.58,0.06
1724,32,104,9,390.27,0.26
1725,555,142,3,125.49,0.22
1726,861,48,6,457.1,0.04
1727,383,87,6,161.6,0.06
1728,788,148,1,482.11,0.16
1729,170,61,9,282.59,0.21
1730,201,145,4,76.96,0.01
1731,265,106,6,261.85,0.27
1732,281,189,5,53.64,0.23
1733,134,59,6,175.88,
1734,453,10,6,259.13,
1735,106,199,2,188.09,
1736,116,183,7,446.36,
1737,552,27,1,430.58,0.02
1738,529,103,1,392.43,0.21
1739,277,90,3,372.05,0.07
1740,519,200,4,252.42,
1741,274,51,5,317.78,0.3
1742,868,173,7,19.19,0.0
1743,89,106,3,80.33,0.29
1744,536,151,5,345.06,0.2
1745,745,114,4,198.34,0.16
1746,674,15,6,419.68,0.01
1747,809,67,10,288.93,0.28
1748,370,30,7,402.75,0.26
1749,772,5,9,316.04,0.06
1750,764,119,7,90.5,0.17
1751,730,86,2,155.92,
1752,978,73,7,216.73,0.04
1753,87,193,6,423.15,
1754,352,2,2,210.38,0.27
1755,910,18,8,106.32,0.17
1756,802,193,3,120.95,0.24
1757,729,59,7,142.86,0.18
1758,736,175,1,49.8,
1759,570,27,10,145.52,0.13
1760,975,190,5,437.61,0.28
1761,309,24,5,91.0,0.19
1762,911,81,3,394.65,0.27
1763,207,124,9,405.79,0.26
1764,675,143,4,28.9,
1765,907,71,8,52.45,
1766,531,187,2,418.72,0.29
1767,983,134,5,41.13,0.0
1768,746,30,2,42.65,0.08
1769,391,21,10,428.85,0.23
1770,469,78,5,437.22,0.29
1771,833,133,6,485.18,
1772,509,172,5,281.99,0.22
1773,470,9999,9,444.24,0.1
1774,177,25,9,415.01,0.05
1775,170,147,1,309.18,0.12
1776,20,111,4,276.91,0.17
1777,370,105,9,71.13,
1778,735,9999,-2,9.77,0.18
1779,22,63,1,266.23,0.22
1780,942,196,10,116.27,
1781,820,193,10,482.13,0.07
1782,517,40,7,248.4,0.13
1783,420,46,6,34.34,0.09
1784,885,88,8,70.95,0.11
1785,283,154,9,55.97,0.08
1786,489,1,1,100.95,0.04
1787,153,112,7,307.67,0.02
1788,129,100,5,175.93,0.11
1789,454,3,1,499.55,0.23
1790,265,11,4,170.83,0.1
1791,663,120,8,187.21,
1792,726,124,10,298.81,
1793,738,54,7,302.24,0.04
1794,445,67,9,472.12,0.05
1795,970,60,4,251.16,
1796,346,54,4,405.91,0.25
1797,751,14,-1,159.54,0.08
1798,918,191,5,102.77,0.23
1799,700,161,9,109.22,0.12
1800,785,33,8,445.97,0.0
1801,476,26,6,377.61,0.03
1802,973,169,1,447.35,0.12
1803,379,92,3,52.45,0.21
1804,811,159,7,148.24,0.21
1805,645,51,10,217.19,0.19
1806,270,34,9,110.63,0.01
1807,618,156,9,431.94,0.02
1808,382,43,9,190.19,0.2
1809,988,93,1,68.24,
1810,447,189,7,320.76,0.12
1811,469,77,8,51.34,0.17
1812,695,64,10,182.4,0.27
1813,1,86,3,428.98,0.05
1814,334,195,8,151.0,0.3
1815,234,66,10,148.07,0.17
1816,329,74,7,390.45,0.06
1817,482,126,1,79.06,0.0
1818,150,120,7,337.38,0.22
1819,172,100,8,106.42,0.06
1820,970,73,8,137.61,0.29
1821,437,2,10,66.3,0.09
1822,532,185,1,375.16,0.26
1823,158,78,8,387.91,0.17
1824,708,121,10,184.72,0.03
1825,442,158,10,102.92,
1826,425,198,6,321.06,0.0
1827,359,64,7,220.49,0.09
1828,937,55,4,272.08,0.26
1829,763,183,9,471.98,
1830,340,89,2,278.8,0.24
1831,311,114,9,461.57,0.07
1832,456,68,10,410.61,0.19
1833,516,41,1,79.15,
1834,882,152,7,143.81,0.29
1835,170,57,4,182.37,0.18
1836,182,48,6,197.49,0.15
1837,66,9999,4,168.41,0.19
1838,391,77,1,109.91,0.13
1839,471,150,2,215.88,
1840,119,12,4,364.88,0.12
1841,321,142,9,356.92,0.19
1842,925,11,5,65.7,0.07
1843,222,140,7,5.63,0.15
1844,324,197,3,295.13,0.14
1845,809,28,1,38.95,0.24
1846,877,139,6,281.67,0.27
1847,828,76,10,62.39,0.19
1848,742,92,10,51.97,0.24
1849,228,148,8,45.33,0.2
1850,79,138,-3,307.11,
1851,872,42,9,454.05,0.25
1852,375,180,7,46.45,0.07
1853,833,196,10,179.74,0.01
1854,893,198,1,334.53,0.25
1855,490,19,8,250.53,0.1
1856,159,66,7,202.72,
1857,941,47,3,361.8,0.28
1858,398,95,7,162.41,0.05
1859,121,13,2,273.31,0.2
1860,135,182,4,438.03,0.18
1861,227,47,10,438.03,0.15
1862,738,16,3,114.48,0.24
1863,350,143,9,352.05,0.24
1864,867,150,2,287.51,0.16
1865,296,89,2,74.79,
1866,223,2,7,394.08,0.28
1867,912,4,7,420.72,0.21
1868,709,27,9,421.19,0.17
1869,270,91,7,10.72,0.25
1870,341,129,3,347.69,0.1
1871,443,57,9,457.7,0.2
1872,499,156,2,156.0,0.2
1873,298,117,8,454.31,
1874,869,195,5,229.8,0.18
1875,900,89,2,198.42,0.09
1876,143,162,8,494.67,0.11
1877,532,4,7,69.09,0.29
1878,87,100,9,202.51,
1879,195,134,7,438.68,0.19
1880,805,124,2,200.94,0.25
1881,764,176,3,36.14,0.28
1882,975,23,3,164.53,0.29
1883,349,191,1,5.34,0.25
1884,858,154,2,229.05,
1885,979,87,1,314.84,0.27
1886,339,23,2,259.94,0.12
1887,338,160,3,124.89,
1888,736,2,3,461.07,0.27
1889,911,186,5,454.84,0.02
1890,883,138,8,258.44,0.27
1891,879,163,8,297.91,0.21
1892,312,39,2,216.41,0.07
1893,223,145,9,45.0,
1894,16,175,3,431.45,
1895,419,119,10,378.64,0.07
1896,341,122,5,389.27,0.26
1897,428,180,9,475.42,
1898,767,127,3,160.71,0.06
1899,655,84,8,485.15,0.23
1900,567,12,5,171.52,0.22
1901,192,121,5,223.48,0.11
1902,388,137,9,485.09,0.21
1903,848,21,3,32.53,0.06
1904,701,56,7,279.95,0.03
1905,796,35,2,330.05,
1906,862,22,5,113.83,0.04
1907,825,72,6,75.46,0.18
1908,954,182,5,466.13,0.18
1909,628,25,6,117.26,0.27
1910,805,116,7,421.79,0.03
1911,769,53,5,117.01,0.18
1912,374,139,9,359.89,0.22
1913,537,122,1,474.27,0.24
1914,134,147,8,305.47,0.13
1915,941,33,5,293.77,
1916,942,31,3,118.41,0.08
1917,42,113,-2,107.34,
1918,320,189,9,113.08,0.14
1919,471,128,8,13.91,0.12
1920,781,4,-2,191.92,0.05
1921,563,31,3,394.78,0.04
1922,595,55,9,210.59,0.05
1923,569,196,7,134.41,0.18
1924,203,77,6,323.7,0.13
1925,171,10,7,331.77,0.27
1926,557,60,4,129.93,0.06
1927,349,187,9,50.33,0.2
1928,881,90,5,94.75,
1929,399,120,2,239.55,0.09
1930,728,58,5,314.83,0.02
1931,421,149,6,370.37,0.24
1932,727,67,10,127.14,0.06
1933,107,105,7,171.54,0.15
1934,473,127,6,286.14,0.17
1935,74,199,8,132.14,0.18
1936,226,143,9,327.92,0.05
1937,806,34,10,305.43,0.15
1938,416,8,2,45.59,0.1
1939,539,79,4,209.29,0.19
1940,777,150,2,6.26,0.29
1941,100,99,5,413.63,0.01
1942,860,169,2,174.6,0.07
1943,678,98,10,193.54,0.12
1944,186,150,2,27.3,
1945,199,111,3,33.28,0.12
1946,580,41,6,312.12,0.2
1947,771,93,8,310.94,
1948,898,2,6,157.59,0.25
1949,478,53,3,366.43,0.0
1950,990,131,9,278.15,0.19
1951,564,17,9,174.8,0.06
1952,356,123,10,150.2,0.21
1953,200,106,8,30.27,0.05
1954,406,169,6,299.29,0.24
1955,754,114,7,195.58,0.18
1956,272,191,6,421.77,0.07
1957,875,65,1,359.87,
1958,25,62,3,302.26,
1959,743,192,7,160.84,0.19
1960,341,61,6,143.43,0.01
1961,494,96,4,103.37,0.28
1962,595,185,4,206.51,0.29
1963,538,71,1,239.99,0.02
1964,823,23,7,113.12,0.21
1965,859,27,3,206.77,0.26
1966,463,111,5,462.64,0.19
1967,273,101,1,127.58,0.29
1968,926,147,5,60.17,0.23
1969,726,148,2,31.42,
1970,184,112,9,59.54,0.1
1971,402,133,8,240.51,0.06
1972,202,6,5,129.55,0.13
1973,672,181,9,297.07,0.01
1974,828,172,3,207.9,
1975,479,104,8,170.39,0.02
1976,88,180,2,471.01,0.07
1977,737,25,10,59.34,
1978,473,154,9,482.87,0.03
1979,755,64,9,225.72,0.21
1980,798,126,1,315.84,0.25
1981,373,8,5,25.21,
1982,466,195,5,223.48,0.15
1983,201,59,6,233.91,0.26
1984,676,174,-3,439.43,0.14
1985,527,3,8,279.27,0.07
1986,680,66,2,216.87,0.1
1987,640,69,5,444.93,0.2
1988,923,191,1,103.95,
1989,641,161,7,7.51,0.1
1990,434,200,6,83.68,0.19
1991,921,154,7,193.64,0.29
1992,843,63,7,179.55,0.29
1993,31,165,6,141.21,0.02
1994,185,54,1,63.15,0.19
1995,366,143,6,7.17,0.06
1996,681,36,7,466.97,
1997,931,136,1,285.47,0.02
1998,984,136,8,112.67,0.13
1999,845,115,10,406.62,0.05
2000,851,164,4,265.5,
