payment_id,order_id,payment_date,payment_method,amount,transaction_id,status
1,879,2026-02-19,PAYPAL,330.49,,PENDING
2,193,2025-07-14,CREDIT_CARD,884.45,TXN-237892,pending
3,364,2026-02-12,PAYPAL,699.72,TXN-482866,PENDING
4,479,2025-04-17,paypal,1552.53,TXN-793510,PENDING
5,82,2025-10-13,Blik,1191.66,TXN-638236,success
6,589,2025-08-30,bank_transfer,670.12,TXN-877772,pending
7,465,2025-09-17,Credit Card,1356.91,TXN-964610,PENDING
8,781,2025-11-04,PAYPAL,1117.72,TXN-220721,PENDING
9,866,2025-10-19,credit_card,1030.63,,failed
10,296,2025-09-07,BLIK,101.32,TXN-128062,FAILED
11,956,2025-09-04,bank_transfer,1861.96,TXN-469409,pending
12,715,2025-12-17,Blik,1724.67,TXN-181582,success
13,520,2025-04-04,CREDIT_CARD,1334.81,TXN-913657,failed
14,308,2025-08-18,PayPal,1262.62,TXN-384698,failed
15,589,2026-01-01,Blik,582.07,TXN-232320,SUCCESS
16,527,2025-08-17,CREDIT_CARD,1706.02,TXN-951688,SUCCESS
17,495,2025-06-02,PayPal,1239.08,,success
18,728,2025-11-09,Blik,1787.56,TXN-398014,pending
19,853,2025-10-27,bank_transfer,1382.22,TXN-378031,PENDING
20,866,2026-02-08,paypal,864.22,TXN-691019,failed
21,808,2025-08-31,Bank Transfer,1694.0,,failed
22,373,2025-06-07,blik,700.14,,SUCCESS
23,796,2025-08-16,paypal,904.57,TXN-929669,success
24,385,2025-10-31,Credit Card,1568.83,TXN-260477,FAILED
25,152,2025-04-21,PayPal,806.66,TXN-165802,failed
26,837,2025-09-27,Credit Card,1392.99,TXN-208232,FAILED
27,929,2025-05-12,credit_card,130.65,TXN-482244,failed
28,570,2025-12-01,BLIK,719.32,TXN-452543,failed
29,946,2025-08-24,CREDIT_CARD,1917.27,TXN-685360,PENDING
30,220,2025-12-20,Blik,1592.78,TXN-607148,PENDING
31,882,2025-09-03,paypal,1027.77,TXN-920321,pending
32,365,2026-03-31,BLIK,1977.25,TXN-196110,success
33,515,2025-09-02,credit_card,601.53,,success
34,380,2025-10-17,Bank Transfer,953.67,TXN-266383,success
35,641,2025-06-11,PayPal,1174.48,TXN-682995,FAILED
36,909,2026-03-11,bank_transfer,1369.67,TXN-171897,PENDING
37,697,2025-08-31,credit_card,1056.55,TXN-642798,pending
38,560,2025-10-06,Bank Transfer,1364.85,TXN-135034,failed
39,381,2025-06-25,blik,1202.49,,failed
40,862,2025-12-20,CREDIT_CARD,106.55,TXN-150842,success
41,626,2025-04-06,blik,1378.23,TXN-841987,SUCCESS
42,964,2025-06-15,paypal,501.13,TXN-293924,success
43,682,2025-04-26,blik,1095.82,TXN-643959,SUCCESS
44,967,2025-05-03,Credit Card,1128.0,TXN-653871,failed
45,291,2025-08-16,PAYPAL,216.69,TXN-910470,FAILED
46,443,2025-09-09,blik,1500.51,TXN-984288,SUCCESS
47,757,2026-03-30,PAYPAL,480.52,TXN-197208,SUCCESS
48,302,2025-12-29,paypal,881.23,TXN-256132,PENDING
49,836,2025-09-04,BLIK,564.13,,FAILED
50,664,2025-06-21,blik,1537.66,TXN-898622,FAILED
51,614,2025-08-24,paypal,494.44,TXN-782837,failed
52,531,2026-02-15,Bank Transfer,1392.25,TXN-964853,failed
53,280,2025-05-26,bank_transfer,354.15,TXN-567522,PENDING
54,91,2025-10-29,BLIK,780.36,TXN-931698,pending
55,632,2025-04-08,Blik,513.66,TXN-446324,FAILED
56,414,2025-10-26,Bank Transfer,305.46,TXN-110734,SUCCESS
57,642,2025-09-22,bank_transfer,1522.83,TXN-692808,FAILED
58,275,2025-06-06,paypal,793.14,TXN-947061,pending
59,66,2026-01-31,Bank Transfer,1972.98,TXN-245862,pending
60,801,2026-01-19,blik,1336.68,TXN-776962,SUCCESS
61,273,2025-09-19,PAYPAL,991.48,TXN-155000,SUCCESS
62,479,2025-12-18,blik,982.22,TXN-382949,success
63,397,2025-04-23,Credit Card,423.43,TXN-415413,PENDING
64,905,2025-07-11,Blik,1001.63,TXN-378392,failed
65,336,2025-06-08,paypal,1379.24,TXN-441365,PENDING
66,795,2025-08-16,Bank Transfer,810.8,TXN-929218,failed
67,846,2025-08-11,PAYPAL,783.04,TXN-156740,failed
68,346,2026-02-28,CREDIT_CARD,1834.8,TXN-602244,PENDING
69,435,2025-11-21,Bank Transfer,525.79,TXN-325271,FAILED
70,938,2025-12-10,CREDIT_CARD,944.45,TXN-212586,failed
71,986,2025-08-24,Blik,401.91,TXN-365494,SUCCESS
72,44,2026-03-03,BLIK,318.83,TXN-634880,FAILED
73,454,2025-11-26,PayPal,1436.41,TXN-243956,success
74,256,2025-10-19,Credit Card,1270.51,,pending
75,356,2025-04-25,Bank Transfer,62.97,TXN-492236,PENDING
76,104,2025-12-04,blik,646.87,TXN-435024,success
77,557,2026-02-18,Bank Transfer,540.96,TXN-294646,SUCCESS
78,727,2025-06-19,PAYPAL,1738.7,TXN-543877,FAILED
79,728,2025-12-20,CREDIT_CARD,1711.33,TXN-825445,PENDING
80,49,2025-11-12,CREDIT_CARD,430.27,TXN-101639,FAILED
81,42,2025-07-19,bank_transfer,1941.67,TXN-614919,success
82,40,2025-09-29,CREDIT_CARD,271.28,,failed
83,358,2025-08-11,Bank Transfer,1561.44,TXN-708571,FAILED
84,371,2025-05-22,bank_transfer,61.44,TXN-596061,success
85,721,2026-01-01,Blik,1240.51,TXN-218556,failed
86,221,2025-10-23,PAYPAL,1646.83,,success
87,643,2025-07-30,PayPal,1468.52,TXN-484072,success
88,227,2026-03-14,paypal,172.09,TXN-260581,SUCCESS
89,112,2025-09-10,PAYPAL,1183.59,TXN-942610,SUCCESS
90,843,2025-08-11,Credit Card,579.38,TXN-974903,SUCCESS
91,45,2025-11-09,blik,183.72,,failed
92,255,2026-02-18,CREDIT_CARD,839.26,TXN-517483,success
93,180,2025-12-11,blik,815.38,TXN-473086,failed
94,523,2026-03-23,paypal,1530.41,TXN-441692,failed
95,347,2026-01-17,paypal,924.67,,success
96,691,2025-12-01,paypal,1265.53,TXN-160233,SUCCESS
97,466,2025-10-25,Credit Card,35.28,TXN-473551,PENDING
98,866,2025-04-18,paypal,1108.72,,pending
99,3,2025-10-22,PayPal,1914.73,TXN-286469,success
100,715,2025-07-10,Credit Card,1701.8,TXN-821583,pending
101,208,2026-01-01,blik,742.65,TXN-702249,SUCCESS
102,779,2025-04-12,blik,53.06,TXN-385887,pending
103,289,2025-06-09,Blik,1937.27,TXN-538937,failed
104,485,2026-03-06,PayPal,1171.73,TXN-213532,PENDING
105,541,2025-12-08,credit_card,312.85,TXN-816601,failed
106,423,2025-07-07,Blik,1263.6,TXN-875123,success
107,588,2026-03-22,CREDIT_CARD,1447.07,TXN-997784,PENDING
108,928,2026-03-01,Blik,1425.99,TXN-134369,failed
109,101,2026-03-09,bank_transfer,458.29,TXN-912320,failed
110,741,2025-11-28,blik,1961.43,TXN-349682,success
111,324,2025-07-31,Blik,1405.81,TXN-834587,success
112,3,2025-06-12,PAYPAL,1801.42,,failed
113,239,2025-08-16,PayPal,85.35,TXN-200550,FAILED
114,11,2025-11-16,PayPal,141.75,TXN-457573,PENDING
115,717,2025-05-20,CREDIT_CARD,1112.56,TXN-944096,SUCCESS
116,884,2025-12-16,Bank Transfer,1643.12,TXN-197029,FAILED
117,658,2025-07-01,Blik,773.75,,FAILED
118,620,2025-08-19,Blik,92.88,TXN-617556,PENDING
119,243,2025-04-16,bank_transfer,493.18,TXN-172550,success
120,703,2025-10-08,Blik,1787.11,TXN-912071,FAILED
121,622,2025-06-27,blik,509.75,TXN-611837,pending
122,217,2025-09-23,BLIK,1294.29,,pending
123,731,2025-11-23,BLIK,105.46,TXN-852222,PENDING
124,304,2025-10-04,CREDIT_CARD,1958.65,TXN-312474,failed
125,479,2026-03-24,Bank Transfer,1004.98,TXN-500763,failed
126,7,2025-06-12,BLIK,796.08,TXN-591754,pending
127,902,2025-05-07,Blik,862.25,TXN-856273,SUCCESS
128,461,2026-02-06,bank_transfer,1330.04,TXN-127335,SUCCESS
129,955,2025-05-15,Bank Transfer,778.39,TXN-168005,success
130,575,2025-08-23,PAYPAL,1724.27,,success
131,28,2025-05-28,blik,883.29,,PENDING
132,70,2025-06-06,BLIK,1691.75,,pending
133,69,2025-05-04,PayPal,116.94,TXN-242537,FAILED
134,707,2025-09-08,Bank Transfer,352.82,,PENDING
135,683,2025-04-15,PAYPAL,934.43,TXN-992482,FAILED
136,804,2026-03-09,Credit Card,569.51,TXN-240647,PENDING
137,395,2025-07-18,CREDIT_CARD,1764.26,,pending
138,344,2025-08-28,Bank Transfer,1318.96,TXN-520722,failed
139,445,2026-03-20,PayPal,910.2,TXN-723510,failed
140,400,2025-04-12,bank_transfer,1377.98,TXN-957143,SUCCESS
141,153,2026-03-16,Blik,1733.33,TXN-225961,SUCCESS
142,378,2025-09-10,blik,1713.86,TXN-696570,PENDING
143,679,2025-08-11,BLIK,1466.6,TXN-739433,SUCCESS
144,361,2026-03-12,credit_card,1002.06,,FAILED
145,765,2025-11-18,PAYPAL,843.81,TXN-480744,pending
146,124,2025-06-25,CREDIT_CARD,1467.03,TXN-620762,failed
147,522,2025-08-16,BLIK,1008.27,TXN-491974,pending
148,951,2025-05-20,Bank Transfer,1362.63,TXN-676786,failed
149,222,2025-07-03,blik,758.23,TXN-718926,FAILED
150,770,2026-01-30,CREDIT_CARD,714.32,TXN-983271,success
151,627,2025-12-22,credit_card,1400.12,TXN-546468,PENDING
152,592,2026-01-30,CREDIT_CARD,775.42,TXN-705375,success
153,583,2025-08-31,bank_transfer,1158.89,TXN-350583,PENDING
154,39,2025-12-16,Bank Transfer,171.08,TXN-601628,pending
155,222,2026-03-14,Blik,1289.96,TXN-640645,PENDING
156,742,2025-08-02,Blik,479.64,TXN-447584,SUCCESS
157,434,2025-04-15,CREDIT_CARD,125.46,TXN-390209,pending
158,980,2025-07-26,BLIK,970.51,,SUCCESS
159,572,2026-01-13,paypal,1189.96,TXN-306535,failed
160,764,2025-09-27,Credit Card,915.07,TXN-273227,SUCCESS
161,141,2025-06-11,blik,183.75,TXN-635490,FAILED
162,344,2026-03-30,blik,1143.96,TXN-856255,FAILED
163,383,2025-05-09,Bank Transfer,129.85,TXN-605786,PENDING
164,677,2025-07-24,PayPal,1566.33,TXN-580960,failed
165,209,2026-02-25,CREDIT_CARD,1345.25,TXN-771863,failed
166,212,2025-10-06,blik,1015.75,TXN-172047,PENDING
167,339,2025-07-24,Blik,82.68,TXN-581744,SUCCESS
168,52,2025-05-22,BLIK,1040.83,TXN-297232,FAILED
169,606,2025-04-09,Blik,912.4,TXN-537995,SUCCESS
170,904,2025-05-25,BLIK,410.22,TXN-526704,pending
171,387,2025-08-11,credit_card,1617.04,TXN-440276,success
172,410,2025-06-14,BLIK,471.1,TXN-774461,failed
173,273,2026-02-08,credit_card,1575.98,,failed
174,150,2025-07-28,bank_transfer,958.41,TXN-465751,failed
175,862,2025-06-08,CREDIT_CARD,247.17,TXN-211992,pending
176,819,2026-02-26,PAYPAL,1100.48,TXN-535849,pending
177,916,2025-05-20,Bank Transfer,244.98,TXN-899707,PENDING
178,601,2025-11-29,Blik,907.63,TXN-320344,pending
179,315,2025-07-20,Bank Transfer,173.58,,PENDING
180,512,2026-03-15,blik,613.14,TXN-155795,PENDING
181,95,2025-09-05,BLIK,1686.29,TXN-269210,FAILED
182,192,2025-10-31,Blik,1819.01,TXN-270568,success
183,934,2026-01-02,Credit Card,1664.45,TXN-362836,FAILED
184,638,2025-04-05,CREDIT_CARD,305.29,TXN-398310,success
185,502,2026-02-20,PayPal,507.32,TXN-389611,FAILED
186,393,2026-03-03,bank_transfer,1853.32,TXN-371778,FAILED
187,702,2026-03-09,Bank Transfer,120.26,,SUCCESS
188,949,2025-06-15,PAYPAL,1709.4,,FAILED
189,592,2025-10-02,Credit Card,794.54,TXN-178180,failed
190,648,2026-02-19,CREDIT_CARD,20.9,TXN-405203,PENDING
191,110,2025-07-28,Blik,810.73,TXN-143626,pending
192,346,2025-08-23,BLIK,1335.63,,PENDING
193,978,2025-10-14,BLIK,261.26,TXN-306631,FAILED
194,402,2025-10-01,credit_card,298.15,TXN-726295,success
195,337,2025-08-26,Blik,1112.81,TXN-742383,success
196,683,2025-09-24,PayPal,1106.63,TXN-838082,failed
197,182,2025-10-30,bank_transfer,373.0,,pending
198,884,2026-02-03,Bank Transfer,1377.44,TXN-267806,pending
199,597,2025-05-27,BLIK,1017.48,TXN-398051,success
200,770,2026-02-19,blik,1634.82,TXN-827048,PENDING
201,407,2025-06-12,bank_transfer,395.33,,SUCCESS
202,423,2025-10-21,CREDIT_CARD,31.33,,SUCCESS
203,841,2025-04-05,credit_card,233.98,TXN-145045,SUCCESS
204,53,2025-05-21,PAYPAL,1300.27,TXN-557011,pending
205,516,2025-07-15,PAYPAL,794.19,TXN-411736,pending
206,76,2025-04-15,PAYPAL,310.81,TXN-938116,pending
207,128,2025-11-28,Bank Transfer,783.46,TXN-442830,pending
208,975,2026-02-10,paypal,638.1,TXN-770317,pending
209,127,2025-10-25,blik,1595.88,TXN-686936,PENDING
210,27,2026-02-14,Credit Card,397.56,TXN-244068,SUCCESS
211,105,2025-10-02,paypal,1661.07,TXN-279123,SUCCESS
212,297,2025-12-31,PAYPAL,516.4,TXN-112970,PENDING
213,129,2026-01-18,BLIK,801.18,TXN-599765,success
214,645,2025-11-30,CREDIT_CARD,39.85,,SUCCESS
215,960,2025-11-25,CREDIT_CARD,498.65,TXN-938694,success
216,834,2025-08-17,PayPal,782.03,TXN-241154,pending
217,941,2025-12-23,Bank Transfer,1985.85,TXN-792770,pending
218,770,2025-07-03,PayPal,1286.79,TXN-547329,PENDING
219,405,2025-08-06,BLIK,122.58,TXN-623456,FAILED
220,884,2026-01-25,Credit Card,98.64,TXN-287147,failed
221,864,2025-04-16,credit_card,60.52,TXN-832910,success
222,904,2025-09-26,Credit Card,56.97,TXN-942946,pending
223,732,2025-07-25,CREDIT_CARD,581.64,TXN-244251,failed
224,284,2025-12-31,paypal,705.78,TXN-558089,PENDING
225,831,2025-04-27,PAYPAL,1193.37,TXN-286522,FAILED
226,865,2025-08-24,blik,1170.24,TXN-294280,SUCCESS
227,569,2025-05-02,Credit Card,1613.78,TXN-636125,pending
228,196,2025-09-20,Bank Transfer,399.57,TXN-274495,FAILED
229,563,2025-05-05,paypal,1041.63,TXN-873423,success
230,281,2026-01-01,Bank Transfer,1755.28,TXN-578788,PENDING
231,237,2026-02-22,PAYPAL,1236.11,TXN-346692,success
232,841,2026-02-21,paypal,1369.75,TXN-807224,success
233,667,2025-12-27,Blik,513.9,TXN-854885,success
234,355,2026-03-31,PayPal,1967.14,TXN-103456,FAILED
235,491,2025-09-24,credit_card,1451.96,TXN-911940,failed
236,580,2025-11-10,Bank Transfer,1164.18,TXN-518904,SUCCESS
237,802,2025-10-08,PayPal,768.21,TXN-534743,SUCCESS
238,788,2026-02-26,blik,1102.73,,failed
239,934,2025-06-11,Blik,164.46,TXN-369698,pending
240,287,2025-10-02,BLIK,1501.54,TXN-488798,pending
241,341,2025-10-13,Credit Card,408.37,TXN-298105,PENDING
242,36,2025-10-18,bank_transfer,153.3,TXN-710098,FAILED
243,214,2025-05-01,Blik,237.27,TXN-204335,success
244,611,2025-09-05,PayPal,631.07,,SUCCESS
245,882,2025-08-27,blik,815.77,TXN-734814,success
246,966,2025-10-14,credit_card,518.58,TXN-620751,SUCCESS
247,145,2025-12-03,BLIK,285.93,TXN-610514,pending
248,806,2025-08-08,credit_card,1986.23,TXN-966185,PENDING
249,177,2025-12-14,Bank Transfer,1654.56,,pending
250,83,2025-08-21,Credit Card,1775.95,TXN-955646,pending
251,670,2025-06-16,blik,719.54,TXN-807521,FAILED
252,760,2025-04-19,Blik,1757.11,TXN-225834,success
253,925,2026-01-11,PayPal,1503.42,TXN-543664,SUCCESS
254,776,2025-07-23,blik,159.25,TXN-982127,SUCCESS
255,245,2026-02-09,credit_card,1992.7,TXN-269841,SUCCESS
256,56,2025-08-25,Blik,1567.31,TXN-372017,PENDING
257,851,2026-03-21,credit_card,485.06,TXN-200164,pending
258,821,2026-03-25,blik,1415.87,TXN-490304,PENDING
259,95,2025-04-22,credit_card,1837.04,,pending
260,157,2025-10-30,Credit Card,1418.72,,success
261,459,2026-03-11,CREDIT_CARD,1045.24,TXN-165725,FAILED
262,650,2025-06-26,PayPal,1075.26,TXN-763052,SUCCESS
263,189,2026-03-02,BLIK,1144.39,TXN-995521,success
264,215,2025-04-28,CREDIT_CARD,1926.04,TXN-775521,failed
265,681,2025-07-24,BLIK,441.83,TXN-420272,SUCCESS
266,107,2026-03-12,paypal,735.22,TXN-943883,success
267,302,2025-09-13,credit_card,149.96,TXN-215893,SUCCESS
268,125,2025-12-04,Blik,745.45,TXN-577327,pending
269,311,2026-01-25,credit_card,1447.09,TXN-253869,PENDING
270,698,2026-01-28,Bank Transfer,479.4,TXN-543823,PENDING
271,476,2026-01-27,Bank Transfer,188.47,TXN-919046,success
272,728,2025-07-10,bank_transfer,1784.62,TXN-710328,pending
273,509,2025-06-24,PayPal,992.39,TXN-559228,failed
274,886,2026-03-02,blik,1010.2,TXN-180170,SUCCESS
275,809,2025-12-15,bank_transfer,1083.35,TXN-701631,SUCCESS
276,630,2025-08-13,Bank Transfer,1279.0,TXN-391226,pending
277,488,2025-12-09,credit_card,564.32,,failed
278,327,2025-10-11,PAYPAL,831.58,TXN-969306,success
279,661,2025-08-13,blik,575.49,TXN-818894,success
280,511,2025-06-11,Bank Transfer,817.42,TXN-810238,success
281,254,2025-05-18,Bank Transfer,1594.81,TXN-607993,failed
282,523,2025-10-16,bank_transfer,401.56,TXN-904500,pending
283,653,2025-10-19,blik,1330.12,TXN-134569,failed
284,923,2025-11-12,BLIK,1209.88,TXN-711874,SUCCESS
285,459,2026-02-21,Bank Transfer,1135.81,TXN-530522,SUCCESS
286,529,2025-10-25,paypal,1794.88,,success
287,757,2025-08-07,Bank Transfer,167.91,TXN-580915,pending
288,673,2025-11-12,CREDIT_CARD,129.24,TXN-476482,PENDING
289,665,2025-10-07,Blik,1516.41,TXN-379948,failed
290,960,2026-03-16,PayPal,1522.51,TXN-842608,pending
291,694,2025-09-04,PayPal,946.61,TXN-651166,pending
292,822,2025-06-07,CREDIT_CARD,1295.8,TXN-242002,success
293,781,2026-03-18,credit_card,921.95,,PENDING
294,10,2025-11-13,credit_card,1542.68,TXN-618510,success
295,128,2026-01-05,BLIK,817.01,TXN-484891,PENDING
296,504,2025-07-02,credit_card,1787.16,TXN-124102,PENDING
297,319,2025-06-25,paypal,829.53,,FAILED
298,264,2025-11-15,CREDIT_CARD,1920.66,,failed
299,308,2025-07-23,credit_card,1397.49,TXN-534559,FAILED
300,85,2026-02-04,credit_card,1959.73,TXN-588847,success
301,237,2025-11-30,CREDIT_CARD,666.07,TXN-826598,failed
302,676,2025-11-04,blik,1575.94,,SUCCESS
303,138,2025-10-28,paypal,1325.63,TXN-693803,pending
304,896,2025-07-30,Bank Transfer,1786.44,TXN-950263,PENDING
305,62,2025-12-15,Bank Transfer,1556.08,TXN-338634,pending
306,104,2025-08-09,PayPal,1256.17,TXN-624509,pending
307,588,2026-01-20,BLIK,819.81,TXN-397407,FAILED
308,23,2025-11-10,PAYPAL,260.0,TXN-813123,SUCCESS
309,61,2026-02-15,PAYPAL,863.49,TXN-356965,SUCCESS
310,254,2026-02-20,BLIK,1846.21,TXN-955208,failed
311,100,2025-07-16,Credit Card,348.78,TXN-184592,FAILED
312,59,2026-03-23,blik,557.03,TXN-582653,failed
313,203,2026-01-14,Blik,1778.83,TXN-591778,failed
314,30,2025-04-16,Blik,435.77,,success
315,897,2025-05-06,Bank Transfer,326.57,,failed
316,265,2026-02-07,Bank Transfer,151.59,TXN-128331,PENDING
317,141,2026-03-20,paypal,42.93,,PENDING
318,412,2025-05-06,bank_transfer,423.73,TXN-477991,SUCCESS
319,181,2026-02-24,Bank Transfer,632.4,TXN-544419,FAILED
320,670,2025-11-29,Blik,1636.28,TXN-802309,SUCCESS
321,324,2025-08-29,Credit Card,264.91,TXN-818714,failed
322,685,2025-05-20,bank_transfer,1436.54,TXN-870240,SUCCESS
323,424,2025-04-09,Credit Card,1077.2,TXN-445453,failed
324,215,2025-08-22,Blik,1079.92,TXN-655711,SUCCESS
325,738,2025-05-10,bank_transfer,750.11,TXN-382813,pending
326,595,2025-05-02,BLIK,1935.62,TXN-300806,SUCCESS
327,200,2025-10-08,PAYPAL,753.47,TXN-464708,pending
328,58,2025-04-13,blik,1899.03,TXN-759115,failed
329,897,2025-05-08,CREDIT_CARD,1025.81,,success
330,949,2025-07-24,Blik,110.23,TXN-797987,pending
331,91,2025-06-08,Bank Transfer,1767.39,TXN-572975,SUCCESS
332,370,2025-11-22,BLIK,1825.9,TXN-394124,PENDING
333,719,2025-08-04,PayPal,987.54,TXN-916426,failed
334,580,2025-09-16,BLIK,1592.76,TXN-420989,FAILED
335,290,2026-03-07,credit_card,880.83,TXN-657918,pending
336,947,2026-01-24,paypal,609.35,TXN-877745,PENDING
337,469,2025-09-29,Blik,1608.61,TXN-722531,SUCCESS
338,805,2025-06-20,Blik,1808.36,TXN-784955,FAILED
339,22,2025-06-09,Credit Card,296.63,,failed
340,25,2025-08-07,CREDIT_CARD,1722.22,TXN-471434,PENDING
341,203,2025-05-30,paypal,106.18,TXN-163382,pending
342,854,2025-05-24,blik,299.84,TXN-365155,FAILED
343,32,2025-08-21,bank_transfer,303.78,TXN-478083,PENDING
344,961,2026-02-09,PayPal,607.36,,FAILED
345,793,2026-03-05,blik,280.76,,SUCCESS
346,768,2025-04-20,bank_transfer,608.35,TXN-726510,pending
347,957,2025-07-06,BLIK,1896.52,TXN-582270,pending
348,587,2025-10-02,CREDIT_CARD,1377.64,TXN-195216,FAILED
349,606,2025-11-19,bank_transfer,840.0,TXN-937223,failed
350,620,2025-04-11,Blik,1428.28,TXN-578589,PENDING
351,520,2026-02-03,CREDIT_CARD,908.28,TXN-214498,FAILED
352,727,2025-11-07,Bank Transfer,1461.2,TXN-250709,FAILED
353,747,2026-02-08,PAYPAL,472.59,TXN-815941,failed
354,924,2026-03-22,CREDIT_CARD,442.29,TXN-513283,PENDING
355,937,2026-01-27,PayPal,787.18,TXN-955324,failed
356,728,2026-03-19,Bank Transfer,568.01,,PENDING
357,946,2025-09-16,Blik,1334.28,,SUCCESS
358,566,2025-09-22,blik,1019.19,TXN-116680,failed
359,7,2026-01-24,CREDIT_CARD,1073.16,TXN-139700,FAILED
360,794,2025-05-06,BLIK,1364.76,TXN-473824,SUCCESS
361,813,2025-07-08,CREDIT_CARD,895.86,TXN-540400,FAILED
362,494,2025-11-15,CREDIT_CARD,428.43,TXN-833176,failed
363,223,2025-12-07,Bank Transfer,1989.66,TXN-866937,SUCCESS
364,733,2025-08-21,PAYPAL,1927.51,TXN-907127,PENDING
365,593,2025-12-29,Credit Card,1653.25,TXN-143059,success
366,142,2025-09-21,credit_card,989.64,TXN-171001,failed
367,199,2025-05-17,Bank Transfer,517.73,TXN-647278,FAILED
368,980,2025-06-16,Bank Transfer,1578.85,TXN-971697,failed
369,222,2025-07-23,Credit Card,735.16,TXN-360703,success
370,27,2025-10-03,CREDIT_CARD,28.52,TXN-303995,success
371,570,2025-08-14,blik,80.04,TXN-478904,success
372,488,2025-05-20,blik,1685.77,TXN-991280,SUCCESS
373,108,2026-01-27,bank_transfer,963.14,TXN-388523,success
374,760,2025-10-26,PAYPAL,692.97,TXN-904460,SUCCESS
375,701,2025-04-15,PayPal,1346.29,TXN-736000,PENDING
376,850,2025-04-12,credit_card,1060.46,TXN-850971,success
377,1,2025-05-27,credit_card,954.7,TXN-688015,PENDING
378,644,2025-08-02,Credit Card,1745.39,TXN-227127,pending
379,599,2025-11-12,Blik,376.38,TXN-774423,PENDING
380,332,2025-06-16,paypal,1549.4,,SUCCESS
381,78,2025-10-18,bank_transfer,1815.73,TXN-641164,PENDING
382,476,2025-10-06,Credit Card,931.28,TXN-751223,success
383,203,2026-01-08,blik,47.25,TXN-651314,pending
384,59,2025-08-24,credit_card,1774.26,TXN-170294,FAILED
385,345,2026-03-28,CREDIT_CARD,1910.39,TXN-227678,SUCCESS
386,956,2026-03-22,credit_card,898.53,TXN-543754,FAILED
387,666,2025-10-07,PAYPAL,1407.32,TXN-457223,PENDING
388,555,2025-10-12,credit_card,1183.65,TXN-201676,failed
389,344,2026-03-12,BLIK,1244.85,TXN-284523,SUCCESS
390,401,2025-09-04,bank_transfer,596.71,TXN-566944,SUCCESS
391,514,2025-08-27,Blik,226.68,TXN-402024,PENDING
392,138,2026-03-14,BLIK,1590.6,TXN-782938,pending
393,277,2025-04-29,Blik,1828.34,TXN-822232,failed
394,929,2025-09-10,CREDIT_CARD,229.97,TXN-373458,PENDING
395,199,2025-11-03,bank_transfer,1742.24,TXN-400454,success
396,436,2025-09-22,PayPal,527.69,,pending
397,916,2025-04-21,PAYPAL,1350.59,TXN-691019,pending
398,754,2025-04-12,Blik,1075.14,TXN-750740,success
399,981,2026-02-18,credit_card,802.68,TXN-557970,FAILED
400,657,2026-01-16,paypal,593.6,,FAILED
401,640,2025-12-04,Bank Transfer,1166.55,TXN-432431,SUCCESS
402,466,2025-08-04,credit_card,163.51,TXN-702921,SUCCESS
403,900,2026-02-06,paypal,1486.26,TXN-802540,pending
404,535,2026-01-18,BLIK,1964.71,TXN-559842,pending
405,15,2025-11-16,PayPal,25.43,,PENDING
406,604,2025-12-22,paypal,702.23,TXN-978709,FAILED
407,383,2025-09-14,bank_transfer,373.3,TXN-831111,pending
408,143,2026-03-09,blik,1343.1,TXN-266760,FAILED
409,976,2025-12-18,Blik,1557.1,,failed
410,399,2025-07-30,CREDIT_CARD,1978.23,TXN-361271,success
411,28,2025-06-25,Blik,926.51,TXN-704092,failed
412,807,2025-06-07,Credit Card,747.47,,failed
413,186,2025-10-11,paypal,773.7,,pending
414,804,2026-04-03,Blik,1835.41,TXN-323197,FAILED
415,670,2025-05-28,credit_card,1401.61,TXN-312005,failed
416,75,2025-11-29,Bank Transfer,823.21,TXN-231082,pending
417,528,2025-10-20,paypal,1469.91,TXN-746481,PENDING
418,617,2025-08-19,PayPal,1636.41,,FAILED
419,821,2026-03-12,paypal,107.07,TXN-495656,success
420,852,2025-11-12,blik,510.09,TXN-153353,failed
421,751,2025-06-05,Credit Card,1464.55,TXN-423875,failed
422,202,2025-09-17,PAYPAL,886.61,TXN-767869,FAILED
423,245,2025-07-20,PayPal,884.59,TXN-475167,FAILED
424,725,2025-07-27,BLIK,1668.25,TXN-367351,failed
425,854,2025-07-21,paypal,869.58,TXN-404579,pending
426,742,2025-07-22,BLIK,152.8,TXN-630479,failed
427,904,2025-12-05,Bank Transfer,145.77,,PENDING
428,619,2025-07-20,PAYPAL,950.85,TXN-843232,failed
429,703,2025-06-15,CREDIT_CARD,182.67,TXN-314910,PENDING
430,225,2025-06-12,bank_transfer,1672.31,TXN-981641,SUCCESS
431,126,2025-10-25,bank_transfer,1575.25,,PENDING
432,842,2026-01-31,blik,1725.11,,PENDING
433,7,2025-11-06,BLIK,1897.19,TXN-918482,failed
434,430,2025-08-14,PayPal,160.72,TXN-799142,failed
435,114,2025-08-09,Bank Transfer,1397.55,TXN-411113,failed
436,428,2025-06-27,bank_transfer,1678.89,TXN-203526,FAILED
437,703,2025-10-27,Blik,891.54,TXN-925135,PENDING
438,969,2025-08-16,paypal,1865.78,TXN-854530,FAILED
439,395,2025-09-10,BLIK,971.7,TXN-689445,failed
440,129,2026-03-30,PAYPAL,1349.0,TXN-991151,PENDING
441,144,2025-06-07,paypal,635.49,TXN-294034,success
442,503,2025-09-29,credit_card,589.29,TXN-644638,FAILED
443,542,2026-01-25,bank_transfer,1125.46,TXN-250566,FAILED
444,370,2025-11-01,BLIK,300.65,,success
445,704,2025-04-10,PAYPAL,736.39,,pending
446,175,2025-06-03,PAYPAL,945.48,TXN-776703,pending
447,443,2025-04-17,BLIK,88.71,TXN-602218,SUCCESS
448,313,2025-09-03,paypal,420.3,,SUCCESS
449,820,2026-02-18,BLIK,509.4,TXN-670410,PENDING
450,195,2025-06-17,blik,498.79,,success
451,112,2026-02-05,PAYPAL,540.43,,failed
452,258,2025-07-21,PAYPAL,660.3,TXN-435316,failed
453,137,2025-04-12,BLIK,723.85,TXN-209410,failed
454,77,2025-11-13,blik,835.89,TXN-365238,failed
455,466,2025-04-06,PAYPAL,438.02,,FAILED
456,981,2025-06-15,PAYPAL,415.44,TXN-847235,success
457,673,2025-12-01,Blik,711.21,TXN-544820,pending
458,443,2025-11-28,Bank Transfer,1974.28,TXN-668966,PENDING
459,825,2025-06-13,Blik,1426.97,TXN-558608,PENDING
460,257,2026-02-28,PayPal,1313.59,TXN-442906,PENDING
461,397,2026-03-11,Credit Card,1208.01,TXN-216224,PENDING
462,443,2026-01-27,BLIK,1724.21,TXN-421408,PENDING
463,482,2025-08-31,CREDIT_CARD,1191.98,TXN-817230,pending
464,291,2026-01-23,paypal,1059.92,TXN-222602,FAILED
465,990,2025-06-05,PayPal,398.65,TXN-862195,pending
466,908,2026-03-10,Credit Card,1629.05,,PENDING
467,953,2025-07-24,Credit Card,1221.3,,pending
468,321,2025-04-22,CREDIT_CARD,1676.64,TXN-792488,FAILED
469,163,2026-02-11,CREDIT_CARD,265.92,TXN-483076,PENDING
470,78,2025-06-15,credit_card,1275.14,TXN-866519,FAILED
471,176,2025-10-29,BLIK,845.8,TXN-137383,success
472,401,2025-10-13,paypal,827.91,TXN-347277,pending
473,218,2025-04-21,Blik,92.21,TXN-297772,PENDING
474,135,2025-09-19,CREDIT_CARD,659.6,TXN-195780,failed
475,15,2025-12-04,credit_card,1293.55,TXN-996665,pending
476,775,2025-07-08,BLIK,149.78,TXN-267378,success
477,145,2025-11-10,PAYPAL,609.1,TXN-463357,success
478,500,2025-11-11,Blik,48.68,TXN-729406,SUCCESS
479,756,2025-11-28,CREDIT_CARD,1040.67,TXN-770722,pending
480,623,2025-08-08,credit_card,296.63,TXN-416963,SUCCESS
481,89,2026-03-22,bank_transfer,43.81,TXN-801785,pending
482,179,2025-12-04,Bank Transfer,670.52,TXN-235495,FAILED
483,487,2025-05-16,Bank Transfer,456.81,TXN-459816,failed
484,452,2025-09-12,Credit Card,886.39,TXN-598928,SUCCESS
485,346,2025-10-21,BLIK,1123.68,,FAILED
486,961,2026-02-13,CREDIT_CARD,1820.09,TXN-210889,failed
487,913,2025-04-19,blik,1168.59,TXN-705133,PENDING
488,891,2026-01-28,bank_transfer,547.19,TXN-153481,SUCCESS
489,985,2026-02-27,Blik,136.56,TXN-317783,failed
490,851,2025-12-11,Bank Transfer,514.13,,SUCCESS
491,484,2025-05-22,PAYPAL,1945.42,TXN-446619,pending
492,186,2025-11-07,PayPal,956.85,TXN-972660,pending
493,72,2026-01-26,bank_transfer,1732.44,TXN-331784,FAILED
494,942,2026-02-05,bank_transfer,237.09,TXN-463475,pending
495,249,2025-06-17,Blik,643.82,TXN-191786,failed
496,822,2026-01-01,Credit Card,1583.75,,PENDING
497,192,2026-01-03,credit_card,1669.8,TXN-997974,PENDING
498,739,2025-04-24,Blik,1204.12,,PENDING
499,283,2025-11-26,blik,799.87,TXN-511352,failed
500,298,2025-11-26,blik,1650.95,TXN-690796,FAILED
501,603,2026-02-15,BLIK,311.76,TXN-841913,success
502,647,2026-03-06,PayPal,1265.92,TXN-562879,FAILED
503,736,2025-07-21,blik,651.9,TXN-149238,PENDING
504,520,2025-08-18,PAYPAL,652.82,TXN-159116,pending
505,938,2025-12-13,blik,1090.01,TXN-141410,success
506,45,2025-06-06,credit_card,1801.03,TXN-321990,PENDING
507,144,2025-10-10,PAYPAL,1467.15,TXN-598958,FAILED
508,906,2025-10-16,BLIK,816.92,TXN-226453,FAILED
509,170,2025-06-24,Bank Transfer,631.95,TXN-129160,SUCCESS
510,297,2025-11-14,paypal,1282.69,TXN-846311,failed
511,840,2025-09-22,Blik,1304.04,TXN-802706,FAILED
512,877,2025-07-07,BLIK,1877.78,TXN-450418,failed
513,767,2025-09-05,blik,679.14,TXN-619129,SUCCESS
514,322,2026-02-28,PAYPAL,745.57,TXN-984085,FAILED
515,406,2025-06-16,Bank Transfer,785.48,TXN-693829,failed
516,936,2025-06-11,paypal,667.87,TXN-143804,PENDING
517,944,2025-12-07,blik,906.45,TXN-291195,pending
518,864,2025-09-13,BLIK,1041.36,TXN-192563,success
519,578,2026-01-12,CREDIT_CARD,1942.11,,success
520,750,2025-11-19,Blik,719.19,TXN-764689,failed
521,860,2025-12-23,PayPal,1289.52,TXN-515759,FAILED
522,47,2025-11-15,Credit Card,583.79,TXN-421792,SUCCESS
523,59,2025-12-30,bank_transfer,1695.58,,success
524,226,2025-07-28,CREDIT_CARD,374.3,TXN-227779,success
525,635,2025-12-22,Blik,1283.98,,PENDING
526,195,2025-05-28,CREDIT_CARD,349.07,TXN-134537,success
527,734,2025-04-24,Bank Transfer,1889.5,TXN-513267,SUCCESS
528,571,2025-11-21,credit_card,932.51,TXN-777811,PENDING
529,606,2025-10-17,blik,1214.85,TXN-590563,pending
530,957,2025-12-16,Bank Transfer,1997.47,TXN-623058,FAILED
531,469,2025-04-17,bank_transfer,67.61,TXN-559592,pending
532,160,2025-10-26,BLIK,810.49,TXN-495612,pending
533,317,2025-04-16,PAYPAL,459.52,TXN-959392,success
534,697,2025-06-18,Bank Transfer,632.41,TXN-630117,SUCCESS
535,900,2025-04-19,Blik,1812.74,,failed
536,344,2025-06-11,CREDIT_CARD,681.71,TXN-273190,pending
537,489,2025-12-30,paypal,773.04,TXN-253451,SUCCESS
538,827,2026-01-20,Blik,906.89,TXN-611539,SUCCESS
539,648,2025-10-30,paypal,1845.19,TXN-735162,PENDING
540,170,2025-08-04,credit_card,1460.76,TXN-285425,SUCCESS
541,800,2025-04-24,Bank Transfer,497.11,TXN-551331,FAILED
542,408,2026-02-09,credit_card,719.81,TXN-412750,pending
543,747,2025-09-18,Credit Card,1102.76,TXN-638131,FAILED
544,173,2025-07-20,PAYPAL,784.5,TXN-645210,PENDING
545,535,2025-08-05,bank_transfer,1934.6,TXN-362752,pending
546,916,2025-11-24,credit_card,1512.74,TXN-934995,PENDING
547,693,2025-05-20,Blik,185.1,TXN-751777,PENDING
548,332,2025-09-02,Credit Card,474.5,TXN-149335,pending
549,554,2025-12-08,Bank Transfer,485.96,,SUCCESS
550,558,2026-03-20,Credit Card,802.18,TXN-380866,FAILED
551,431,2025-06-08,Credit Card,1612.91,TXN-928360,SUCCESS
552,506,2025-07-25,bank_transfer,1939.5,TXN-739548,pending
553,827,2026-04-02,Credit Card,1556.27,TXN-267712,success
554,79,2025-09-18,blik,209.68,TXN-289142,success
555,7,2025-05-17,CREDIT_CARD,496.11,,SUCCESS
556,222,2026-02-25,blik,499.88,TXN-768110,PENDING
557,223,2025-04-21,Credit Card,596.36,,pending
558,182,2026-02-22,CREDIT_CARD,980.37,TXN-228128,pending
559,610,2025-08-28,PayPal,390.85,TXN-291818,pending
560,357,2025-05-29,credit_card,1797.18,TXN-202428,PENDING
561,792,2025-08-13,PayPal,1278.5,TXN-703240,PENDING
562,706,2026-03-27,credit_card,1404.33,TXN-788031,pending
563,655,2026-02-22,PayPal,764.91,TXN-322890,SUCCESS
564,962,2025-11-04,BLIK,1068.61,TXN-329342,pending
565,932,2025-07-31,Credit Card,757.98,,failed
566,737,2025-07-25,BLIK,882.02,,FAILED
567,642,2026-03-05,PAYPAL,915.35,,SUCCESS
568,546,2025-12-29,credit_card,1690.66,,pending
569,244,2025-05-02,PAYPAL,39.15,TXN-862409,SUCCESS
570,290,2025-05-17,bank_transfer,1290.19,TXN-314848,SUCCESS
571,116,2025-09-21,Bank Transfer,1368.9,,pending
572,892,2025-04-05,blik,372.34,TXN-672925,SUCCESS
573,143,2025-04-19,Blik,390.07,TXN-267958,failed
574,152,2025-05-03,credit_card,1770.43,,success
575,102,2025-08-23,PayPal,1136.72,TXN-273669,pending
576,978,2025-12-14,CREDIT_CARD,1783.26,TXN-127863,success
577,768,2026-02-20,paypal,902.95,,FAILED
578,946,2025-08-07,PAYPAL,834.64,,pending
579,8,2026-01-02,Blik,209.78,TXN-516260,failed
580,773,2026-01-07,paypal,896.0,TXN-278920,SUCCESS
581,42,2025-05-24,bank_transfer,611.76,TXN-946116,failed
582,214,2025-05-10,credit_card,580.17,TXN-478550,SUCCESS
583,80,2025-05-27,PAYPAL,576.4,,PENDING
584,351,2026-03-20,PayPal,658.26,TXN-653247,failed
585,514,2025-10-22,CREDIT_CARD,1104.54,TXN-613160,FAILED
586,64,2025-12-05,PayPal,1018.33,TXN-739601,FAILED
587,51,2026-03-31,PAYPAL,1317.0,TXN-124847,PENDING
588,461,2025-09-14,BLIK,1326.56,TXN-456245,pending
589,238,2025-10-21,Blik,1441.41,,FAILED
590,925,2026-01-10,PayPal,350.66,TXN-564195,SUCCESS
591,953,2026-01-23,PAYPAL,391.05,,PENDING
592,561,2025-12-04,CREDIT_CARD,41.55,,SUCCESS
593,65,2025-12-26,BLIK,74.82,TXN-991113,FAILED
594,547,2026-03-19,Credit Card,1773.87,TXN-481552,success
595,184,2025-10-30,credit_card,814.43,,PENDING
596,481,2025-05-12,BLIK,1714.6,TXN-181411,PENDING
597,91,2025-08-11,credit_card,1343.22,TXN-468725,FAILED
598,581,2025-08-23,PAYPAL,1121.18,TXN-761394,PENDING
599,92,2026-01-10,BLIK,1662.33,TXN-792316,pending
600,26,2025-10-28,Bank Transfer,609.57,TXN-358424,pending
601,674,2025-07-11,Credit Card,1163.55,TXN-204646,failed
602,841,2025-10-14,paypal,1009.7,TXN-587296,FAILED
603,427,2026-02-26,bank_transfer,1723.81,,pending
604,409,2026-03-20,Credit Card,978.2,TXN-928530,success
605,461,2025-08-30,BLIK,675.59,TXN-606641,FAILED
606,777,2026-03-14,CREDIT_CARD,1770.93,TXN-682084,success
607,258,2025-04-08,Blik,1915.36,TXN-629322,SUCCESS
608,451,2025-08-11,Bank Transfer,289.25,TXN-863917,SUCCESS
609,61,2025-05-22,Blik,1279.5,TXN-291455,pending
610,275,2025-07-09,bank_transfer,1120.14,TXN-478285,PENDING
611,515,2025-07-22,CREDIT_CARD,1957.37,TXN-749487,pending
612,898,2025-12-27,blik,1264.67,TXN-595554,PENDING
613,643,2026-03-26,CREDIT_CARD,1406.05,TXN-955194,pending
614,249,2025-06-13,PAYPAL,813.75,TXN-848544,pending
615,820,2025-07-07,BLIK,1536.27,TXN-399890,failed
616,139,2025-04-22,PayPal,511.95,TXN-434595,PENDING
617,778,2025-09-14,Bank Transfer,706.67,TXN-732092,success
618,567,2025-06-24,paypal,1329.8,TXN-927362,SUCCESS
619,485,2025-11-27,Blik,1947.15,TXN-970775,SUCCESS
620,878,2025-10-26,credit_card,1879.37,TXN-159266,success
621,421,2025-08-29,blik,506.77,TXN-222359,failed
622,708,2026-01-25,Credit Card,761.31,TXN-367833,PENDING
623,352,2026-01-03,paypal,439.33,TXN-653835,pending
624,430,2025-12-31,blik,406.02,TXN-397074,failed
625,273,2025-09-29,Blik,1602.44,,PENDING
626,966,2025-10-29,blik,556.37,TXN-254453,success
627,80,2026-02-09,PayPal,692.28,TXN-377848,failed
628,582,2025-10-15,PayPal,1290.26,TXN-952441,success
629,647,2025-06-24,PAYPAL,1442.81,TXN-755842,failed
630,388,2025-12-03,PAYPAL,237.13,TXN-269261,pending
631,114,2026-01-31,paypal,560.76,TXN-740104,SUCCESS
632,924,2025-11-26,Bank Transfer,787.04,TXN-725194,pending
633,453,2026-01-05,BLIK,893.04,TXN-324822,PENDING
634,930,2025-05-20,bank_transfer,1066.06,TXN-901818,PENDING
635,584,2026-02-02,Blik,494.93,,FAILED
636,324,2026-02-01,BLIK,749.8,TXN-178951,pending
637,226,2025-11-12,PayPal,1769.22,TXN-820753,SUCCESS
638,50,2025-10-12,PayPal,1629.28,TXN-372708,failed
639,758,2025-12-24,Credit Card,70.91,TXN-247129,failed
640,415,2025-11-01,blik,1490.72,TXN-813613,FAILED
641,963,2026-01-07,BLIK,427.06,,PENDING
642,73,2025-11-17,Bank Transfer,843.21,TXN-872151,PENDING
643,605,2025-09-16,Credit Card,1456.28,TXN-723832,PENDING
644,424,2025-11-30,PayPal,1828.01,TXN-951496,SUCCESS
645,819,2026-03-02,PAYPAL,1827.47,TXN-834059,PENDING
646,38,2025-09-18,Blik,37.73,,failed
647,449,2026-02-20,Blik,1170.99,,SUCCESS
648,327,2026-04-02,CREDIT_CARD,1459.75,TXN-535489,success
649,2,2025-11-24,credit_card,390.75,TXN-273075,pending
650,951,2025-05-21,PAYPAL,842.94,TXN-636281,SUCCESS
651,655,2026-01-25,Credit Card,1852.5,,FAILED
652,910,2026-02-22,BLIK,1500.12,TXN-409704,SUCCESS
653,381,2026-03-16,PayPal,1244.58,TXN-747900,pending
654,834,2025-05-13,PayPal,1020.4,TXN-133995,success
655,663,2026-02-28,BLIK,187.86,TXN-243041,failed
656,402,2026-03-27,Bank Transfer,961.86,TXN-277817,SUCCESS
657,723,2025-07-04,paypal,154.1,TXN-706931,failed
658,174,2025-07-12,Blik,1484.94,TXN-728749,failed
659,468,2025-10-20,Bank Transfer,951.67,TXN-890124,FAILED
660,720,2025-05-27,PAYPAL,357.46,TXN-456530,failed
661,511,2025-08-02,bank_transfer,949.07,TXN-772464,pending
662,869,2025-12-18,paypal,898.28,,failed
663,738,2025-05-18,Credit Card,99.92,TXN-734644,failed
664,748,2025-04-24,PAYPAL,224.69,,failed
665,837,2025-12-07,bank_transfer,130.24,TXN-947761,FAILED
666,760,2026-03-21,CREDIT_CARD,1070.86,TXN-763406,FAILED
667,634,2025-05-15,paypal,862.56,,pending
668,430,2025-12-16,Blik,628.36,TXN-511876,success
669,929,2025-07-29,Blik,1693.62,TXN-191302,success
670,91,2025-07-21,BLIK,276.47,TXN-243422,FAILED
671,319,2025-05-03,BLIK,1831.46,TXN-923189,SUCCESS
672,876,2025-11-12,Blik,1173.21,,failed
673,806,2025-05-28,Bank Transfer,483.58,TXN-352080,failed
674,162,2025-11-13,Bank Transfer,503.46,TXN-900886,PENDING
675,968,2025-06-05,Blik,95.37,TXN-537629,PENDING
676,949,2025-09-30,Blik,928.32,TXN-364248,pending
677,832,2025-10-05,CREDIT_CARD,673.91,TXN-447034,PENDING
678,565,2025-11-06,paypal,926.77,TXN-771322,success
679,85,2025-05-01,PayPal,1614.76,TXN-993491,SUCCESS
680,873,2025-08-01,bank_transfer,1508.0,TXN-751339,failed
681,577,2025-04-17,paypal,668.96,TXN-924745,pending
682,407,2025-07-23,BLIK,1363.71,TXN-691123,pending
683,55,2026-01-21,credit_card,1643.47,TXN-455906,failed
684,39,2025-08-22,credit_card,136.52,TXN-194032,failed
685,585,2025-04-03,Credit Card,1883.86,TXN-535002,pending
686,758,2025-10-22,PayPal,1780.11,TXN-828476,pending
687,349,2026-02-27,blik,1357.92,TXN-605491,FAILED
688,723,2025-11-28,Blik,338.83,TXN-173739,failed
689,134,2025-08-24,CREDIT_CARD,63.1,,failed
690,145,2026-03-23,paypal,1585.39,TXN-527417,success
691,71,2025-07-08,bank_transfer,1006.4,TXN-570625,SUCCESS
692,534,2026-01-02,Bank Transfer,777.15,TXN-732534,SUCCESS
693,675,2025-12-13,PAYPAL,101.31,,pending
694,68,2025-07-31,Credit Card,1612.81,TXN-150614,SUCCESS
695,208,2025-04-22,blik,141.09,TXN-406053,failed
696,89,2025-07-07,Bank Transfer,616.7,TXN-943411,FAILED
697,56,2025-04-28,CREDIT_CARD,1360.43,TXN-308893,success
698,228,2025-08-05,PAYPAL,1089.77,TXN-817386,success
699,33,2025-06-10,blik,1861.0,TXN-858332,FAILED
700,511,2025-08-12,PayPal,920.74,TXN-458684,FAILED
701,387,2025-10-26,Blik,710.22,TXN-160998,SUCCESS
702,257,2025-07-19,Credit Card,1234.49,TXN-829609,failed
703,207,2025-10-02,Credit Card,233.6,,FAILED
704,640,2025-12-20,bank_transfer,643.97,TXN-962543,success
705,551,2025-05-22,CREDIT_CARD,400.44,TXN-784511,success
706,211,2025-09-29,Bank Transfer,1495.51,,PENDING
707,533,2025-10-24,Blik,1498.49,,success
708,147,2025-09-23,BLIK,54.38,,FAILED
709,15,2025-09-18,PayPal,577.25,,PENDING
710,127,2025-11-02,BLIK,1633.63,TXN-264822,success
711,955,2025-08-31,BLIK,1133.72,TXN-367361,PENDING
712,140,2025-08-14,bank_transfer,918.15,,pending
713,289,2026-03-07,paypal,1142.24,TXN-277078,failed
714,172,2025-04-27,credit_card,332.21,TXN-912628,failed
715,520,2025-05-21,blik,918.82,TXN-268619,failed
716,560,2026-01-01,PAYPAL,543.65,TXN-686509,pending
717,916,2026-02-19,bank_transfer,1346.4,TXN-718102,failed
718,851,2025-05-30,Blik,1904.36,TXN-860457,failed
719,640,2025-06-09,Credit Card,1503.3,TXN-389719,failed
720,857,2025-09-14,Bank Transfer,1999.55,TXN-553570,failed
721,786,2025-10-21,CREDIT_CARD,491.75,TXN-131637,failed
722,75,2025-09-26,CREDIT_CARD,620.25,TXN-995289,PENDING
723,539,2025-09-23,PayPal,1085.92,TXN-617692,success
724,807,2026-02-27,PAYPAL,1184.09,TXN-728218,PENDING
725,355,2026-03-11,Credit Card,1788.71,TXN-573355,success
726,767,2025-05-23,Bank Transfer,1511.78,TXN-250211,PENDING
727,976,2025-10-10,credit_card,1490.95,TXN-831569,success
728,59,2025-04-15,BLIK,1338.74,TXN-845627,success
729,849,2025-05-13,PayPal,497.8,TXN-543922,success
730,690,2025-11-27,Credit Card,838.94,TXN-412551,success
731,765,2025-07-28,bank_transfer,1243.8,TXN-881981,success
732,395,2025-11-17,Blik,973.23,TXN-611490,failed
733,296,2025-05-07,CREDIT_CARD,1440.76,TXN-799022,SUCCESS
734,891,2026-01-29,PAYPAL,1513.8,TXN-626514,failed
735,943,2026-02-16,Blik,1366.51,TXN-510267,pending
736,958,2025-07-17,Credit Card,708.1,TXN-215145,PENDING
737,333,2025-09-29,paypal,1361.14,,FAILED
738,425,2025-06-21,bank_transfer,1785.14,TXN-693151,SUCCESS
739,431,2025-12-02,paypal,516.75,TXN-458230,pending
740,904,2025-09-26,Blik,256.45,TXN-175236,SUCCESS
741,213,2025-06-07,Blik,842.35,TXN-238096,failed
742,929,2025-09-25,Credit Card,1031.3,TXN-736476,FAILED
743,69,2025-06-04,CREDIT_CARD,181.42,,PENDING
744,440,2025-06-17,PayPal,1694.42,TXN-685150,PENDING
745,899,2025-09-17,bank_transfer,982.45,TXN-605135,pending
746,772,2025-07-18,Bank Transfer,1220.9,TXN-307824,success
747,586,2025-08-29,blik,135.74,TXN-757430,success
748,267,2025-04-06,blik,789.59,TXN-292101,SUCCESS
749,781,2025-10-08,bank_transfer,1468.91,TXN-239614,SUCCESS
750,5,2026-02-01,CREDIT_CARD,975.7,TXN-853391,success
751,114,2025-07-28,paypal,423.52,,pending
752,93,2025-06-15,PAYPAL,1727.27,TXN-815311,PENDING
753,18,2025-07-09,Blik,1341.37,TXN-507168,success
754,431,2026-01-17,CREDIT_CARD,401.44,TXN-465216,FAILED
755,482,2025-12-19,Bank Transfer,1479.08,TXN-491866,FAILED
756,636,2025-11-06,CREDIT_CARD,1537.38,TXN-939267,success
757,2,2025-11-02,credit_card,1679.43,TXN-327633,PENDING
758,164,2025-08-06,blik,56.56,TXN-423525,pending
759,179,2025-04-05,PayPal,623.12,TXN-499441,SUCCESS
760,767,2025-10-19,CREDIT_CARD,1373.35,TXN-458131,FAILED
761,83,2026-02-03,PAYPAL,1039.41,TXN-113491,SUCCESS
762,855,2025-07-01,credit_card,1379.73,TXN-964318,PENDING
763,721,2025-06-09,Blik,1021.04,TXN-245479,PENDING
764,69,2025-06-20,Blik,415.74,TXN-796910,success
765,728,2026-02-10,Credit Card,1318.61,TXN-899128,success
766,478,2025-07-29,bank_transfer,79.44,TXN-768517,FAILED
767,435,2025-09-18,paypal,472.5,TXN-746632,failed
768,492,2026-01-04,PAYPAL,165.8,TXN-534263,failed
769,596,2025-07-14,BLIK,685.85,TXN-817088,FAILED
770,626,2026-03-09,CREDIT_CARD,1342.33,TXN-132365,SUCCESS
771,503,2025-10-01,blik,703.17,TXN-798660,PENDING
772,111,2025-05-01,blik,327.49,TXN-459609,SUCCESS
773,866,2025-04-16,PayPal,1906.65,TXN-573566,success
774,597,2025-05-15,Blik,113.92,TXN-921740,PENDING
775,256,2026-03-07,Blik,817.56,TXN-164579,FAILED
776,809,2026-02-28,CREDIT_CARD,1408.0,TXN-445781,SUCCESS
777,291,2025-05-20,BLIK,1595.06,TXN-624809,failed
778,164,2025-06-01,PAYPAL,491.16,TXN-277469,success
779,929,2025-04-03,Credit Card,669.45,TXN-589480,FAILED
780,509,2025-09-04,BLIK,1157.2,TXN-861142,success
781,419,2025-10-05,PayPal,839.58,TXN-632827,SUCCESS
782,982,2026-01-25,paypal,234.87,TXN-443712,PENDING
783,276,2025-04-06,bank_transfer,1339.49,,SUCCESS
784,577,2025-10-29,PAYPAL,1714.59,TXN-410905,SUCCESS
785,688,2025-11-23,Blik,926.88,TXN-529160,FAILED
786,79,2025-12-03,PAYPAL,1081.39,TXN-755710,failed
787,17,2026-03-17,bank_transfer,1704.61,TXN-723208,failed
788,738,2025-09-11,PayPal,1040.83,,SUCCESS
789,578,2025-04-12,Bank Transfer,1946.49,TXN-482304,pending
790,775,2025-12-28,paypal,1617.99,TXN-707307,failed
791,90,2026-01-15,Bank Transfer,930.16,TXN-211228,pending
792,794,2025-10-18,Bank Transfer,474.89,,pending
793,505,2025-07-04,credit_card,1990.59,TXN-100751,PENDING
794,144,2026-03-20,blik,1854.3,TXN-677325,pending
795,103,2026-02-28,CREDIT_CARD,42.58,TXN-747815,FAILED
796,406,2025-08-02,paypal,1957.43,TXN-118299,SUCCESS
797,663,2025-08-19,blik,604.57,TXN-334659,FAILED
798,371,2025-08-31,PayPal,21.9,TXN-707445,PENDING
799,714,2026-04-02,Blik,823.15,TXN-614204,failed
800,860,2025-12-25,bank_transfer,827.92,TXN-433076,failed
801,401,2025-08-16,blik,1210.05,,failed
802,744,2025-06-02,credit_card,1188.88,TXN-458318,failed
803,436,2025-06-26,Bank Transfer,1074.71,TXN-352797,PENDING
804,677,2026-03-09,Blik,1044.62,TXN-659729,success
805,60,2026-01-11,Blik,440.44,,pending
806,821,2026-01-03,paypal,1681.46,TXN-431598,failed
807,508,2025-07-17,credit_card,1379.11,TXN-640730,success
808,314,2026-03-27,Credit Card,1563.57,TXN-972397,failed
809,623,2025-08-07,credit_card,100.95,,pending
810,688,2026-03-06,credit_card,912.47,TXN-435781,failed
811,402,2025-08-21,blik,1268.99,TXN-396807,SUCCESS
812,865,2025-09-10,bank_transfer,479.31,TXN-134008,pending
813,619,2025-11-13,Credit Card,437.12,TXN-433401,pending
814,388,2025-07-23,Credit Card,1056.88,,SUCCESS
815,983,2026-03-28,Blik,601.71,TXN-667871,PENDING
816,260,2025-05-03,CREDIT_CARD,729.75,,success
817,990,2025-06-09,Bank Transfer,102.86,TXN-730365,failed
818,881,2026-03-27,bank_transfer,601.74,TXN-396418,success
819,846,2026-01-01,Blik,1138.14,TXN-874195,pending
820,38,2025-04-19,blik,1525.46,,pending
821,556,2025-04-05,PayPal,1365.18,TXN-508094,FAILED
822,38,2025-05-15,paypal,1666.15,TXN-649022,pending
823,961,2025-10-22,Credit Card,1790.6,TXN-971836,failed
824,18,2025-05-07,blik,1137.07,TXN-593234,pending
825,224,2025-07-04,PayPal,587.8,TXN-784171,SUCCESS
826,22,2025-07-07,Credit Card,1030.86,TXN-268904,PENDING
827,775,2025-06-16,Bank Transfer,424.97,TXN-817313,FAILED
828,723,2026-03-30,CREDIT_CARD,781.96,TXN-634563,SUCCESS
829,899,2026-04-01,PayPal,262.37,TXN-686406,success
830,565,2025-10-19,Credit Card,460.47,TXN-210561,success
831,833,2025-08-06,PAYPAL,841.62,TXN-969487,FAILED
832,416,2025-08-15,PayPal,161.52,,PENDING
833,802,2025-04-28,PAYPAL,1114.29,,success
834,896,2025-12-08,credit_card,1845.3,TXN-565474,failed
835,824,2025-08-22,BLIK,86.32,TXN-888950,SUCCESS
836,244,2025-04-21,credit_card,434.24,,FAILED
837,501,2025-07-06,PayPal,239.31,TXN-277993,failed
838,778,2025-06-02,PayPal,1331.53,TXN-439349,failed
839,769,2025-08-08,Credit Card,394.9,TXN-704176,FAILED
840,489,2025-11-22,Blik,207.59,TXN-431722,SUCCESS
841,464,2025-10-03,CREDIT_CARD,723.78,TXN-945951,failed
842,695,2025-07-12,PAYPAL,309.51,TXN-246272,PENDING
843,430,2025-05-03,bank_transfer,1155.42,,success
844,836,2025-07-11,Blik,1897.59,TXN-208030,success
845,323,2025-08-25,PayPal,1788.45,TXN-669844,failed
846,77,2025-10-22,PayPal,867.09,TXN-618463,success
847,665,2025-09-27,credit_card,1328.82,TXN-987536,pending
848,10,2025-05-27,PAYPAL,420.5,TXN-171000,pending
849,229,2025-11-22,paypal,660.75,,FAILED
850,328,2025-07-17,paypal,122.21,TXN-413728,PENDING
851,764,2025-10-09,paypal,421.45,TXN-316603,pending
852,592,2026-01-16,blik,615.29,TXN-477031,SUCCESS
853,286,2025-10-21,PayPal,126.12,,failed
854,740,2025-08-06,PAYPAL,1878.36,TXN-521976,SUCCESS
855,549,2025-06-29,credit_card,1651.3,TXN-274260,failed
856,694,2026-01-19,PayPal,195.57,,pending
857,766,2025-04-25,paypal,1550.34,TXN-821441,pending
858,932,2025-05-15,paypal,1168.41,TXN-871580,failed
859,493,2025-09-02,CREDIT_CARD,1906.3,TXN-763324,FAILED
860,26,2025-12-17,Bank Transfer,1121.89,TXN-392667,FAILED
861,574,2025-08-19,CREDIT_CARD,838.15,,SUCCESS
862,941,2026-01-31,bank_transfer,326.93,TXN-394144,success
863,791,2025-04-04,CREDIT_CARD,1867.66,TXN-246274,pending
864,772,2025-04-12,credit_card,1736.74,TXN-996841,FAILED
865,190,2025-10-07,blik,1376.7,TXN-867918,success
866,934,2025-07-21,Blik,563.66,TXN-167553,pending
867,628,2026-01-09,Blik,1086.77,TXN-350647,success
868,268,2026-04-02,credit_card,1783.27,TXN-335570,success
869,208,2026-01-12,PAYPAL,318.31,TXN-442237,PENDING
870,311,2025-05-25,credit_card,630.54,TXN-952832,pending
871,975,2025-09-21,Blik,897.2,TXN-931736,pending
872,599,2025-04-03,paypal,1315.4,,SUCCESS
873,799,2025-09-28,credit_card,1058.53,TXN-666120,FAILED
874,929,2025-07-03,Blik,784.15,TXN-320543,failed
875,449,2025-09-18,credit_card,1376.74,TXN-664412,SUCCESS
876,216,2026-03-24,bank_transfer,356.6,TXN-560704,SUCCESS
877,534,2025-06-01,Bank Transfer,1286.94,TXN-796652,SUCCESS
878,403,2025-12-17,Credit Card,805.32,TXN-993313,pending
879,301,2025-09-17,credit_card,224.19,TXN-513276,SUCCESS
880,527,2026-03-27,blik,1890.47,TXN-524909,failed
881,624,2026-03-09,PAYPAL,1654.24,TXN-799914,FAILED
882,289,2025-06-15,Credit Card,1270.74,TXN-351178,failed
883,874,2025-05-05,blik,1719.73,TXN-339849,success
884,63,2025-04-03,Credit Card,788.61,TXN-493578,FAILED
885,184,2026-01-20,PAYPAL,562.76,TXN-420892,success
886,298,2026-04-02,PAYPAL,1278.61,TXN-994997,FAILED
887,156,2026-01-10,bank_transfer,716.95,TXN-209148,PENDING
888,2,2025-07-16,BLIK,1063.56,,FAILED
889,749,2025-09-03,credit_card,1484.75,TXN-291528,FAILED
890,913,2026-03-31,BLIK,849.3,,success
891,453,2025-11-20,bank_transfer,1327.04,TXN-969595,PENDING
892,640,2026-02-08,paypal,1784.59,,failed
893,285,2026-02-25,credit_card,844.5,TXN-672196,pending
894,295,2025-10-22,PayPal,1749.81,TXN-967917,SUCCESS
895,931,2026-02-24,paypal,711.31,TXN-816486,failed
896,157,2025-12-16,PAYPAL,1153.03,TXN-878605,failed
897,868,2026-03-27,PayPal,171.0,,success
898,704,2025-08-09,CREDIT_CARD,1240.76,TXN-277136,SUCCESS
899,678,2025-05-01,credit_card,1981.13,TXN-885413,success
900,861,2025-08-29,paypal,900.12,TXN-456325,SUCCESS
901,953,2025-12-11,Bank Transfer,414.42,,success
902,261,2025-08-13,bank_transfer,1525.51,TXN-871272,success
903,175,2025-06-19,PAYPAL,1396.1,TXN-895278,pending
904,183,2026-01-13,credit_card,1644.97,TXN-804091,pending
905,74,2025-10-03,Bank Transfer,378.38,TXN-813100,failed
906,143,2026-02-06,PayPal,1748.42,TXN-226036,SUCCESS
907,428,2025-05-28,paypal,349.16,TXN-992377,failed
908,778,2026-03-05,PayPal,1478.61,TXN-242471,failed
909,768,2025-05-31,Credit Card,478.73,TXN-350200,success
910,253,2025-04-16,CREDIT_CARD,743.44,TXN-276566,FAILED
911,257,2025-05-31,paypal,1631.89,TXN-351352,pending
912,236,2025-07-19,BLIK,605.46,TXN-812161,SUCCESS
913,494,2025-05-10,paypal,722.46,TXN-712401,pending
914,273,2026-01-14,PAYPAL,1519.88,TXN-120088,SUCCESS
915,231,2026-03-21,PAYPAL,833.56,TXN-200693,failed
916,570,2025-09-05,Bank Transfer,506.67,,PENDING
917,48,2025-07-14,Blik,1628.03,TXN-160005,failed
918,960,2025-04-25,PAYPAL,1712.78,TXN-450832,pending
919,29,2025-10-24,Credit Card,1123.05,TXN-589291,FAILED
920,175,2026-02-09,credit_card,1236.29,TXN-402975,failed
921,482,2025-06-14,blik,1144.64,TXN-594577,success
922,497,2025-11-26,credit_card,78.53,TXN-473864,FAILED
923,541,2025-04-21,PAYPAL,1381.86,TXN-655700,FAILED
924,338,2025-04-23,PayPal,1513.54,TXN-918657,failed
925,614,2025-09-22,paypal,766.53,,SUCCESS
926,225,2025-09-14,paypal,1464.63,TXN-992549,FAILED
927,270,2026-02-09,CREDIT_CARD,33.23,,success
928,198,2025-08-23,PAYPAL,1196.54,TXN-261323,failed
929,861,2026-01-26,PAYPAL,1363.19,TXN-395739,success
930,314,2025-12-14,bank_transfer,509.19,TXN-521688,success
931,141,2025-09-13,bank_transfer,1552.83,TXN-562586,failed
932,136,2025-04-15,paypal,849.1,TXN-686069,success
933,223,2025-04-27,Credit Card,866.16,TXN-648656,success
934,471,2025-10-24,CREDIT_CARD,538.02,TXN-170313,SUCCESS
935,347,2025-11-30,PayPal,783.24,TXN-739436,pending
936,236,2025-05-25,blik,42.62,TXN-899930,failed
937,247,2025-06-01,Blik,288.59,TXN-990518,FAILED
938,43,2025-07-10,Bank Transfer,1083.85,TXN-289624,pending
939,826,2025-06-21,PayPal,1761.73,TXN-131661,success
940,87,2025-11-24,bank_transfer,1623.17,TXN-854773,failed
941,467,2025-10-17,BLIK,1460.48,TXN-785982,FAILED
942,877,2025-08-09,credit_card,565.41,TXN-745879,success
943,590,2025-09-02,PayPal,1077.34,TXN-482304,FAILED
944,881,2025-10-13,bank_transfer,968.96,TXN-739210,FAILED
945,97,2026-03-18,Bank Transfer,417.13,TXN-122268,failed
946,482,2025-12-19,paypal,1092.04,TXN-708758,success
947,945,2026-03-08,PAYPAL,1733.17,,success
948,723,2025-04-23,PayPal,1933.42,TXN-755254,PENDING
949,285,2025-12-15,credit_card,958.13,TXN-269394,success
950,920,2025-04-18,PAYPAL,1327.27,TXN-793900,FAILED
951,822,2026-02-28,Bank Transfer,1443.44,TXN-704161,pending
952,104,2025-09-17,Blik,1022.48,TXN-530105,SUCCESS
953,316,2026-02-27,Credit Card,83.46,TXN-447931,FAILED
954,570,2025-04-03,paypal,909.52,TXN-252449,FAILED
955,336,2025-08-02,CREDIT_CARD,1107.45,,SUCCESS
956,862,2025-06-07,Credit Card,349.17,TXN-689522,pending
957,657,2025-07-04,PAYPAL,746.72,TXN-370799,pending
958,979,2025-04-24,bank_transfer,146.68,TXN-127087,PENDING
959,543,2025-11-05,Credit Card,1443.7,TXN-687474,failed
960,897,2025-09-27,blik,941.09,TXN-840459,failed
961,220,2025-08-13,paypal,422.34,TXN-486305,pending
962,414,2025-07-25,credit_card,996.24,,pending
963,855,2025-11-24,BLIK,1103.92,TXN-200116,failed
964,768,2025-10-29,credit_card,29.46,TXN-384928,success
965,804,2025-08-19,Blik,832.39,,success
966,53,2025-08-30,BLIK,1938.6,,pending
967,498,2026-01-12,bank_transfer,834.03,TXN-285036,PENDING
968,576,2025-07-20,Bank Transfer,1798.78,TXN-420344,SUCCESS
969,465,2025-12-19,BLIK,532.07,TXN-609003,pending
970,843,2025-06-01,CREDIT_CARD,1794.34,TXN-935675,PENDING
971,942,2025-06-02,PayPal,1385.51,TXN-527677,PENDING
972,844,2025-10-21,BLIK,901.8,TXN-633441,FAILED
973,857,2025-06-21,Bank Transfer,1935.71,TXN-799216,FAILED
974,932,2026-02-28,credit_card,1682.23,TXN-715481,PENDING
975,713,2026-01-20,Blik,1302.17,TXN-934765,FAILED
976,710,2025-07-24,PayPal,258.34,TXN-849433,FAILED
977,3,2025-05-13,Credit Card,961.42,TXN-834674,success
978,264,2026-03-03,CREDIT_CARD,713.38,TXN-161732,success
979,301,2026-02-01,blik,1802.75,TXN-516122,FAILED
980,477,2025-10-05,CREDIT_CARD,970.99,TXN-559086,success
981,160,2025-08-17,bank_transfer,1985.91,TXN-591481,success
982,450,2025-08-26,blik,1487.75,TXN-530372,failed
983,183,2025-04-12,PayPal,331.42,TXN-124656,PENDING
984,302,2025-12-17,PAYPAL,1104.56,,PENDING
985,417,2025-08-10,paypal,288.28,TXN-989387,FAILED
986,36,2026-01-20,Blik,637.78,TXN-515515,PENDING
987,238,2025-06-13,Credit Card,650.76,TXN-541458,failed
988,908,2025-07-30,CREDIT_CARD,684.22,,failed
989,394,2025-08-07,PAYPAL,332.0,TXN-815184,SUCCESS
990,447,2025-05-21,credit_card,793.75,TXN-435830,PENDING
991,815,2025-04-09,Blik,84.97,TXN-511955,success
992,244,2025-11-23,credit_card,1409.11,TXN-594156,SUCCESS
993,96,2026-01-24,CREDIT_CARD,1590.07,TXN-955152,PENDING
994,443,2025-09-19,PayPal,882.15,TXN-400403,PENDING
995,5,2025-10-19,blik,1477.05,TXN-264387,PENDING
996,668,2026-02-04,paypal,1956.12,TXN-451210,SUCCESS
997,719,2026-01-08,PAYPAL,1495.92,TXN-589015,pending
998,682,2026-03-28,Blik,1116.96,,pending
999,33,2025-10-15,PayPal,464.22,,FAILED
1000,795,2025-08-19,PAYPAL,1519.27,TXN-687297,FAILED
